Crypto,Date,Price,Open,High,Low,Vol.,ChangeP
Bitcoin,30-Nov-21,56882.9,57795.2,59174.4,55936.9,73.66K,-1.58%
Bitcoin,29-Nov-21,57794.8,57288.1,58855.2,56726.7,58.65K,0.88%
Bitcoin,28-Nov-21,57291.5,54758,57392.3,53448.3,49.28K,4.61%
Bitcoin,27-Nov-21,54765.9,53747.2,55280.3,53654.3,40.71K,1.93%
Bitcoin,26-Nov-21,53730.9,58937.3,59151.1,53533.5,104.03K,-8.83%
Bitcoin,25-Nov-21,58935.1,57167.1,59387.3,57029.8,56.79K,3.08%
Bitcoin,24-Nov-21,57171.7,57559.4,57697.4,55910.6,56.68K,-0.70%
Bitcoin,23-Nov-21,57573.2,56304.8,57855.1,55542.5,72.48K,2.25%
Bitcoin,22-Nov-21,56308.8,58719.7,59288.3,55656.8,76.45K,-4.10%
Bitcoin,21-Nov-21,58714.3,59724,60002.6,58528.3,40.98K,-1.68%
Bitcoin,20-Nov-21,59717.6,58080.8,59854.6,57435.3,44.53K,2.81%
Bitcoin,19-Nov-21,58083.4,56908.3,58335.9,55626.3,74.44K,1.98%
Bitcoin,18-Nov-21,56955.3,60368.2,60936.9,56524.4,100.37K,-5.65%
Bitcoin,17-Nov-21,60367.8,60074.2,60814.5,58531.9,73.93K,0.46%
Bitcoin,16-Nov-21,60089.1,63605.1,63605.6,58655.9,115.36K,-5.52%
Bitcoin,15-Nov-21,63597.9,65514.9,66311.2,63439.5,53.53K,-2.92%
Bitcoin,14-Nov-21,65508.2,64397.2,65508.2,63608.3,33.98K,1.72%
Bitcoin,13-Nov-21,64398.6,64133.3,64906,63381.4,30.34K,0.41%
Bitcoin,12-Nov-21,64134.5,64782.6,65449.7,62309.7,63.27K,-1.04%
Bitcoin,11-Nov-21,64806.7,64922.8,65583.3,64121.9,50.37K,-0.19%
Bitcoin,10-Nov-21,64932.6,66942.6,68990.6,62951.3,96.21K,-2.95%
Bitcoin,09-Nov-21,66904.4,67528.7,68493.3,66334.9,66.13K,-0.92%
Bitcoin,08-Nov-21,67527.9,63276.4,67763.3,63276.4,81.08K,6.72%
Bitcoin,07-Nov-21,63273.2,61483.8,63273.2,61347.2,34.34K,2.91%
Bitcoin,06-Nov-21,61483.9,60973.2,61543.2,60093.6,34.89K,0.84%
Bitcoin,05-Nov-21,60974.3,61411.5,62560.3,60742.4,44.46K,-0.71%
Bitcoin,04-Nov-21,61412.6,62915.4,63077.6,60742.9,49.91K,-2.39%
Bitcoin,03-Nov-21,62918.5,63223.5,63508.6,60883,61.05K,-0.48%
Bitcoin,02-Nov-21,63221.7,60912.2,64256.4,60651.5,65.26K,3.79%
Bitcoin,01-Nov-21,60915.3,61310.1,62430.1,59612.7,61.21K,-0.64%
Bitcoin,31-Oct-21,61309.6,61842.2,62393.7,60005.7,50.06K,-0.86%
Bitcoin,30-Oct-21,61840.1,62245,62338.5,60786,40.51K,-0.65%
Bitcoin,29-Oct-21,62242.8,60579.9,62952.2,60322.2,63.39K,2.74%
Bitcoin,28-Oct-21,60582.5,58437.2,62251.3,58128.1,88.47K,3.67%
Bitcoin,27-Oct-21,58438.1,60312.5,61452.9,58112.6,88.11K,-3.11%
Bitcoin,26-Oct-21,60310.8,63067.5,63275.1,59907.3,57.13K,-4.37%
Bitcoin,25-Oct-21,63067,60864.3,63694.8,60655.8,51.06K,3.62%
Bitcoin,24-Oct-21,60866.5,61308.2,61469.9,59523.7,42.67K,-0.73%
Bitcoin,23-Oct-21,61312.5,60693.2,61728.7,59738.3,37.05K,1.03%
Bitcoin,22-Oct-21,60690.3,62200.8,63699.7,60055.7,75.69K,-2.44%
Bitcoin,21-Oct-21,62210.2,66004.6,66616.9,62092.1,105.38K,-5.71%
Bitcoin,20-Oct-21,65979.1,64276.9,66967.1,63543.7,79.87K,2.65%
Bitcoin,19-Oct-21,64278.5,62030.2,64454,61451,80.16K,3.58%
Bitcoin,18-Oct-21,62056.3,61525.8,62623.6,60026.9,80.15K,0.86%
Bitcoin,17-Oct-21,61527.5,60865.5,61651.4,59143.4,53.39K,1.09%
Bitcoin,16-Oct-21,60861.1,61669.2,62329.2,60161.9,49.93K,-1.32%
Bitcoin,15-Oct-21,61672.5,57348.2,62892.8,56874.8,121.48K,7.54%
Bitcoin,14-Oct-21,57345.8,57370.4,58506.5,56866.8,59.84K,-0.06%
Bitcoin,13-Oct-21,57380.1,56014.5,57697.4,54314.4,73.62K,2.44%
Bitcoin,12-Oct-21,56015.9,57480.6,57635.7,54155.4,74.85K,-2.54%
Bitcoin,11-Oct-21,57477.3,54686.9,57814.1,54457.8,73.84K,5.10%
Bitcoin,10-Oct-21,54687.7,54942.5,56432.2,54100.8,104.43K,-0.46%
Bitcoin,09-Oct-21,54942.5,53924.1,55430.8,53711.7,64.65K,1.91%
Bitcoin,08-Oct-21,53914.7,53785.5,55977.9,53659.3,64.05K,0.24%
Bitcoin,07-Oct-21,53783.9,55325.2,55325.6,53476.4,75.68K,-2.78%
Bitcoin,06-Oct-21,55323.2,51470,55676.1,50439.5,116.26K,7.49%
Bitcoin,05-Oct-21,51469.3,49229.5,51872.4,49060.1,76.63K,4.55%
Bitcoin,04-Oct-21,49227.3,48200.4,49481.7,46958.6,66.92K,2.13%
Bitcoin,03-Oct-21,48200.1,47665.4,49165.2,47123,42.41K,1.12%
Bitcoin,02-Oct-21,47666.9,48147.2,48306.9,47451.7,39.82K,-1.00%
Bitcoin,01-Oct-21,48146,43824.4,48435.2,43292.9,94.66K,9.86%
Bitcoin,30-Sep-21,43823.3,41534.5,44101.2,41416.7,64.32K,5.50%
Bitcoin,29-Sep-21,41536.8,41023.1,42571.2,40815,48.21K,1.25%
Bitcoin,28-Sep-21,41022.3,42169.9,42758.8,40906.4,60.01K,-2.73%
Bitcoin,27-Sep-21,42172.6,43200.9,44293.2,42143.9,54.12K,-2.39%
Bitcoin,26-Sep-21,43203.4,42685.8,43907.3,40786.6,69.91K,1.21%
Bitcoin,25-Sep-21,42686.8,42818.7,42959.3,41714.5,46.35K,-0.31%
Bitcoin,24-Sep-21,42819.9,44867.4,45112,40908.5,128.88K,-4.57%
Bitcoin,23-Sep-21,44869.2,43550.7,44949.8,43090.1,74.54K,3.03%
Bitcoin,22-Sep-21,43551.6,40660.8,43976.7,40585.7,93.98K,7.13%
Bitcoin,21-Sep-21,40651.3,43012.3,43619.3,39646.8,142.55K,-5.18%
Bitcoin,20-Sep-21,42870.6,47240.8,47323.9,42547.1,77.96K,-9.25%
Bitcoin,19-Sep-21,47238.7,48299.9,48341.9,46866.6,41.98K,-2.21%
Bitcoin,18-Sep-21,48306.7,47283.9,48761,47070.5,43.64K,2.17%
Bitcoin,17-Sep-21,47282.8,47748.2,48155.9,46788.8,50.16K,-0.97%
Bitcoin,16-Sep-21,47748,48132.3,48480.6,47040.3,60.91K,-0.80%
Bitcoin,15-Sep-21,48130.6,47070.8,48436.5,46743.9,63.40K,2.24%
Bitcoin,14-Sep-21,47077.5,44950.2,47247.6,44718.7,65.33K,4.73%
Bitcoin,13-Sep-21,44949.5,46060.8,46807.7,43463.2,96.15K,-2.42%
Bitcoin,12-Sep-21,46062.3,45162.6,46386.4,44755.2,44.52K,1.99%
Bitcoin,11-Sep-21,45161.9,44844.9,45975.6,44766.6,41.58K,0.71%
Bitcoin,10-Sep-21,44842.8,46385.9,47021.6,44283.6,75.62K,-3.33%
Bitcoin,09-Sep-21,46385.6,46057.6,47305.7,45609,73.63K,0.70%
Bitcoin,08-Sep-21,46061.4,46774.1,47316.9,44493.7,100.48K,-1.54%
Bitcoin,07-Sep-21,46779.6,52674.2,52885.3,43072.4,187.56K,-11.19%
Bitcoin,06-Sep-21,52672.1,51769.4,52726.2,51002.8,69.46K,1.75%
Bitcoin,05-Sep-21,51768.6,49918.7,51878.2,49492.4,57.30K,3.71%
Bitcoin,04-Sep-21,49918.4,49999.3,50534.6,49461.4,48.14K,-0.16%
Bitcoin,03-Sep-21,49999,49269.5,51008.8,48377.3,88.08K,1.47%
Bitcoin,02-Sep-21,49274.3,48817.8,50355.3,48612.9,80.21K,0.93%
Bitcoin,01-Sep-21,48819.4,47129.2,49121,46533.1,74.38K,3.58%
Bitcoin,31-Aug-21,47130.4,46989.1,48217,46709.3,71.48K,0.29%
Bitcoin,30-Aug-21,46992.7,48777.1,48886,46876.9,61.68K,-3.66%
Bitcoin,29-Aug-21,48777.4,48899.7,49621.7,47870.1,47.62K,-0.24%
Bitcoin,28-Aug-21,48897.1,49062.8,49289.4,48428.5,36.73K,-0.34%
Bitcoin,27-Aug-21,49064.3,46830.2,49142,46371.5,62.47K,4.77%
Bitcoin,26-Aug-21,46831.6,48994.4,49347.8,46360.4,73.79K,-4.41%
Bitcoin,25-Aug-21,48994.5,47707.4,49230.2,47163.3,63.54K,2.68%
Bitcoin,24-Aug-21,47714.7,49532.5,49847.4,47623.6,74.26K,-3.68%
Bitcoin,23-Aug-21,49539.7,49255.4,50498.8,49038.6,75.37K,0.58%
Bitcoin,22-Aug-21,49254.5,48870.4,49480.3,48151,49.32K,0.77%
Bitcoin,21-Aug-21,48875.8,49330,49719.1,48293.5,18.20K,-0.91%
Bitcoin,20-Aug-21,49324,46756.7,49343.3,46646.8,83.19K,5.49%
Bitcoin,19-Aug-21,46755.9,44725.9,47012.3,43986.7,77.92K,4.54%
Bitcoin,18-Aug-21,44723.8,44691.1,46004.9,44230,22.36K,0.07%
Bitcoin,17-Aug-21,44691.6,45907.5,47140.6,44441.3,84.14K,-2.84%
Bitcoin,16-Aug-21,45996.3,46991.6,48002.4,45672.1,2.41K,-2.12%
Bitcoin,15-Aug-21,46991.3,47082.6,47344.1,45564.1,58.11K,-0.19%
Bitcoin,14-Aug-21,47081.5,47809.6,48090.9,46117.2,64.29K,-1.52%
Bitcoin,13-Aug-21,47809.1,44404,47836,44242.4,75.27K,7.67%
Bitcoin,12-Aug-21,44403.4,45562.3,46213.8,43814.7,81.07K,-2.55%
Bitcoin,11-Aug-21,45564.3,45593.2,46736.5,45367.9,75.43K,-0.06%
Bitcoin,10-Aug-21,45593.8,46281.8,46663.4,44681.2,80.55K,-1.49%
Bitcoin,09-Aug-21,46284.3,43794.9,46460.7,42824.1,117.08K,5.69%
Bitcoin,08-Aug-21,43792.8,44584.9,45284.1,43314.4,105.25K,-1.84%
Bitcoin,07-Aug-21,44614.2,42784.7,44697.3,42611,112.84K,4.25%
Bitcoin,06-Aug-21,42795.4,40868.4,43253.4,39905.4,111.93K,4.72%
Bitcoin,05-Aug-21,40867.2,39734.4,41366.3,37365.4,130.60K,2.84%
Bitcoin,04-Aug-21,39736.9,38188.4,39956.5,37556,79.22K,4.21%
Bitcoin,03-Aug-21,38130.3,39167.4,39766.6,37688.2,0.26K,-2.65%
Bitcoin,02-Aug-21,39168.4,39869.8,40449,38692.5,74.81K,-1.78%
Bitcoin,01-Aug-21,39878.3,41510,42565,39556.5,80.33K,-4.03%
Bitcoin,31-Jul-21,41553.7,42201.4,42285.3,41066.4,44.65K,-1.54%
Bitcoin,30-Jul-21,42203.4,40001.1,42264.4,38358.4,98.45K,5.50%
Bitcoin,29-Jul-21,40001.4,40009,40630.7,39340.8,75.30K,0.00%
Bitcoin,28-Jul-21,40003.2,39450.4,40862.2,38883.8,148.92K,1.40%
Bitcoin,27-Jul-21,39452,37294.3,39455.9,36427.4,100.24K,5.84%
Bitcoin,26-Jul-21,37276.6,35392.3,40522.9,35236.7,177.63K,5.33%
Bitcoin,25-Jul-21,35391.1,34392.5,35391.1,33881.3,65.10K,4.63%
Bitcoin,24-Jul-21,33824.8,33600.5,33955,33412.9,67.14K,0.66%
Bitcoin,23-Jul-21,33603.3,32297.9,33605.6,32041.1,66.15K,4.04%
Bitcoin,22-Jul-21,32298.9,32131.7,32585.4,31729.4,64.87K,0.52%
Bitcoin,21-Jul-21,32131.4,29794.7,32794.6,29519.3,118.34K,7.85%
Bitcoin,20-Jul-21,29793.8,30835.4,31040.8,29310.2,97.46K,-3.38%
Bitcoin,19-Jul-21,30837.2,31782.9,31887,30478.2,77.48K,-2.98%
Bitcoin,18-Jul-21,31785.4,31517.9,32408.2,31220.6,57.01K,0.85%
Bitcoin,17-Jul-21,31518.6,31384.4,31914.8,31207.8,58.06K,0.40%
Bitcoin,16-Jul-21,31394,31842.3,32239.8,31062.2,70.48K,-1.40%
Bitcoin,15-Jul-21,31840.5,32820.5,33157,31175.8,76.95K,-2.99%
Bitcoin,14-Jul-21,32820.7,32727.8,33051.9,31611.2,69.56K,0.28%
Bitcoin,13-Jul-21,32728.1,33106.1,33307.7,32259.5,60.04K,-1.16%
Bitcoin,12-Jul-21,33113,34228.3,34598,32662.8,63.24K,-3.26%
Bitcoin,11-Jul-21,34227.7,33510.8,34580.6,33319.8,35.72K,2.14%
Bitcoin,10-Jul-21,33510.6,33797.7,34221,33056.8,50.94K,-0.85%
Bitcoin,09-Jul-21,33797.4,32866.3,34079.2,32367,67.14K,2.83%
Bitcoin,08-Jul-21,32866.3,33859.4,33923.2,32146.9,108.09K,-2.96%
Bitcoin,07-Jul-21,33867.8,34228.7,35036.6,33801.3,72.03K,-1.05%
Bitcoin,06-Jul-21,34225.6,33688.5,35062,33581.7,83.63K,1.60%
Bitcoin,05-Jul-21,33687.8,35297,35300.5,33164.1,88.36K,-4.56%
Bitcoin,04-Jul-21,35298.2,34742.8,35957.6,34740.1,56.13K,1.60%
Bitcoin,03-Jul-21,34742.8,33814.2,34909.8,33363.3,55.69K,2.75%
Bitcoin,02-Jul-21,33813.4,33542.2,33925.9,32734.6,78.93K,0.80%
Bitcoin,01-Jul-21,33543.6,35030.7,35032.7,32839.2,27.41K,-4.23%
Bitcoin,30-Jun-21,35026.9,35832.6,36089.5,34126.6,107.07K,-2.25%
Bitcoin,29-Jun-21,35834.7,34477.3,36590.3,34247.6,97.27K,3.94%
Bitcoin,28-Jun-21,34475.9,34682.2,35231.2,33944.9,112.00K,-0.58%
Bitcoin,27-Jun-21,34678.5,32247.1,34685.5,32041.7,148.80K,7.55%
Bitcoin,26-Jun-21,32243.4,31592.1,32643,30206.9,156.67K,2.06%
Bitcoin,25-Jun-21,31594,34660.5,35490.9,31337.9,193.43K,-8.86%
Bitcoin,24-Jun-21,34665.8,33678.1,35249.9,32356.7,119.25K,2.94%
Bitcoin,23-Jun-21,33674.3,32498.3,34784.3,31736.5,173.34K,3.62%
Bitcoin,22-Jun-21,32496.4,31682.7,33272.5,28901.8,309.65K,2.54%
Bitcoin,21-Jun-21,31692,35597.9,35708.4,31284.1,256.87K,-10.97%
Bitcoin,20-Jun-21,35595.8,35510.9,36097.9,33378,137.48K,0.23%
Bitcoin,19-Jun-21,35513.4,35770,36357.3,34845.5,105.46K,-0.66%
Bitcoin,18-Jun-21,35749.4,38045.5,38166,35198.5,102.84K,-6.05%
Bitcoin,17-Jun-21,38052,38337.8,39529.9,37425.3,109.58K,-0.74%
Bitcoin,16-Jun-21,38336,40148.1,40494.4,38156.4,123.52K,-4.53%
Bitcoin,15-Jun-21,40156.1,40522.5,41318,39589.9,117.55K,-0.92%
Bitcoin,14-Jun-21,40529.4,39024.1,40970.4,38769.9,157.35K,3.86%
Bitcoin,13-Jun-21,39022.9,35467.5,39321.6,34827,123.32K,10.02%
Bitcoin,12-Jun-21,35467.5,37334.4,37437.3,34703.3,87.73K,-4.95%
Bitcoin,11-Jun-21,37314.6,36654.3,37641.1,36003.3,109.15K,1.81%
Bitcoin,10-Jun-21,36649.4,37375.2,38340.8,35824,154.32K,-1.83%
Bitcoin,09-Jun-21,37332.2,33385.5,37517.6,32428.6,209.82K,11.83%
Bitcoin,08-Jun-21,33382.9,33574.6,34047.8,31158.1,193.54K,-0.58%
Bitcoin,07-Jun-21,33578,35815.4,36754.6,33410.1,119.50K,-6.25%
Bitcoin,06-Jun-21,35815.4,35518.7,36434,35265.3,62.20K,0.83%
Bitcoin,05-Jun-21,35520,36841.2,37887.6,34832,101.48K,-3.61%
Bitcoin,04-Jun-21,36851.3,39191.4,39255.4,35659.9,127.71K,-5.96%
Bitcoin,03-Jun-21,39187.3,37555.7,39462.3,37193.6,106.44K,4.34%
Bitcoin,02-Jun-21,37555.8,36687.7,38199.9,35981.1,96.89K,2.37%
Bitcoin,01-Jun-21,36687.6,37294.3,37850.3,35742.7,113.48K,-1.64%
Bitcoin,31-May-21,37298.6,35644,37480.7,34213.2,131.70K,4.62%
Bitcoin,30-May-21,35652.8,34589.3,36388.6,33441,104.18K,3.09%
Bitcoin,29-May-21,34584.6,35664.5,37227.1,33664.2,160.43K,-3.02%
Bitcoin,28-May-21,35662.5,38543.2,38844.1,34772.4,199.58K,-7.17%
Bitcoin,27-May-21,38417.3,39249,40322.2,37190.8,122.93K,-2.12%
Bitcoin,26-May-21,39249.2,38375.7,40750,37847,153.80K,2.27%
Bitcoin,25-May-21,38378.3,38753.6,39740.8,36540.7,163.01K,-0.96%
Bitcoin,24-May-21,38750.6,34720.3,39851.7,34474.6,244.88K,11.74%
Bitcoin,23-May-21,34679.7,37446.8,38248.7,31192.4,325.73K,-7.39%
Bitcoin,22-May-21,37448.3,37291,38776,35314.9,185.83K,0.40%
Bitcoin,21-May-21,37297.4,40611.2,42108.3,33592.3,315.50K,-8.40%
Bitcoin,20-May-21,40717.2,36706.8,42425.9,35010.4,269.75K,10.88%
Bitcoin,19-May-21,36720.5,42898.3,43516.6,30261.7,607.10K,-14.40%
Bitcoin,18-May-21,42897.3,43538.5,45770.9,42293.9,154.96K,-1.48%
Bitcoin,17-May-21,43541.3,46424.2,46545.4,42201.5,274.76K,-6.21%
Bitcoin,16-May-21,46426.4,46729.3,49764.3,43920.8,180.07K,-0.60%
Bitcoin,15-May-21,46708.8,49839.1,50640.9,46650.2,131.91K,-6.28%
Bitcoin,14-May-21,49839.8,49704.9,51459.2,48874,118.84K,0.27%
Bitcoin,13-May-21,49704.6,49398.2,51337.3,46331.1,236.71K,0.65%
Bitcoin,12-May-21,49384.2,56694.5,57938.5,49187,160.74K,-12.90%
Bitcoin,11-May-21,56695.7,55846.1,56871.1,54550.4,96.47K,1.52%
Bitcoin,10-May-21,55848.9,58251.2,59523.9,53678.3,142.61K,-4.10%
Bitcoin,09-May-21,58238.3,58840.6,59227,56414.4,103.59K,-1.02%
Bitcoin,08-May-21,58840.1,57330.3,59471.1,56972.2,101.27K,2.62%
Bitcoin,07-May-21,57337.2,56411.4,58639.3,55300.1,110.01K,1.65%
Bitcoin,06-May-21,56405.4,57441,58364.9,55294.5,109.02K,-1.80%
Bitcoin,05-May-21,57441.3,53872.5,57936.4,53872.5,119.82K,6.88%
Bitcoin,04-May-21,53741.5,57170.6,57201.3,53741.5,132.33K,-6.00%
Bitcoin,03-May-21,57169.8,56605.8,58925.1,56562.4,89.24K,1.00%
Bitcoin,02-May-21,56603.8,57807.2,57868.4,56110.5,53.61K,-2.08%
Bitcoin,01-May-21,57807.1,57719.1,58449.4,57029.5,63.41K,0.15%
Bitcoin,30-Apr-21,57720.3,53562.3,57925.6,53088.7,103.74K,7.77%
Bitcoin,29-Apr-21,53560.8,54838.6,55173.7,52400,83.90K,-2.34%
Bitcoin,28-Apr-21,54841.4,55036,56419.9,53876.4,86.96K,-0.35%
Bitcoin,27-Apr-21,55036.5,54011.1,55427.8,53345,84.08K,1.88%
Bitcoin,26-Apr-21,54020.5,48963.5,54320.9,48815.9,129.76K,10.33%
Bitcoin,25-Apr-21,48963.6,50088.2,50532.4,47098.5,59.20K,-2.25%
Bitcoin,24-Apr-21,50088.9,51140.8,51183,48775.2,82.25K,-2.06%
Bitcoin,23-Apr-21,51143.6,51707.1,52099.9,47659.4,214.46K,-1.13%
Bitcoin,22-Apr-21,51729.5,53821.3,55408.4,50590.9,168.13K,-3.88%
Bitcoin,21-Apr-21,53820.2,56479.5,56764.4,53657.6,100.26K,-4.71%
Bitcoin,20-Apr-21,56483.2,55645.1,57054.9,53422.5,115.49K,1.50%
Bitcoin,19-Apr-21,55646.1,56208.1,57517,54272.3,117.51K,-1.00%
Bitcoin,18-Apr-21,56207.1,60043.2,60362.1,51817.6,216.81K,-6.39%
Bitcoin,17-Apr-21,60041.9,61358.3,62509.1,59672.1,84.08K,-2.18%
Bitcoin,16-Apr-21,61379.7,63211.6,63518.5,60027.3,136.85K,-2.90%
Bitcoin,15-Apr-21,63216,62978.6,63729.1,62067.5,76.97K,0.37%
Bitcoin,14-Apr-21,62980.4,63544.2,64778,61366.3,130.43K,-0.88%
Bitcoin,13-Apr-21,63540.9,59863.6,63659,59839.4,126.56K,6.14%
Bitcoin,12-Apr-21,59863.8,59982.1,61259.9,59569.2,81.88K,-0.19%
Bitcoin,11-Apr-21,59978.7,59772.4,60667.1,59250.3,58.20K,0.39%
Bitcoin,10-Apr-21,59748.4,58127.4,61229,57900,103.72K,2.80%
Bitcoin,09-Apr-21,58118.7,58076.8,58890.9,57686,59.22K,0.07%
Bitcoin,08-Apr-21,58077.4,55948,58136.7,55721.6,64.78K,3.80%
Bitcoin,07-Apr-21,55948.7,57996.3,58627.7,55489.3,110.69K,-3.53%
Bitcoin,06-Apr-21,57996.3,59169,59487,57403.3,77.15K,-1.69%
Bitcoin,05-Apr-21,58993.4,58202.3,59205.1,56842.7,54.13K,1.36%
Bitcoin,04-Apr-21,58199.9,57059.7,58464.8,56470.6,57.21K,2.00%
Bitcoin,03-Apr-21,57059.9,58976.8,59770.5,56906.7,68.74K,-3.25%
Bitcoin,02-Apr-21,58977.3,58718.2,60134.9,58466.5,72.37K,0.44%
Bitcoin,01-Apr-21,58718.3,58763.2,59406.5,58040.7,69.04K,-0.08%
Bitcoin,31-Mar-21,58763.7,58771.4,59795.6,56991.6,98.06K,-0.01%
Bitcoin,30-Mar-21,58771.3,57614.6,59366.9,57077.1,86.21K,2.00%
Bitcoin,29-Mar-21,57616.2,55764.7,58392.6,54951.1,107.91K,3.32%
Bitcoin,28-Mar-21,55765.2,55856.9,56504.2,54711.3,58.71K,-0.17%
Bitcoin,27-Mar-21,55862.9,55033.8,56531.1,54010.2,73.87K,1.50%
Bitcoin,26-Mar-21,55036.1,51317.4,55074.1,51302,100.30K,7.24%
Bitcoin,25-Mar-21,51322.3,52330,53175.4,50441.3,143.35K,-1.92%
Bitcoin,24-Mar-21,52325.4,54309.1,57169.4,51725.4,137.91K,-3.91%
Bitcoin,23-Mar-21,54452.5,54117.5,55813.8,52992.3,84.84K,0.54%
Bitcoin,22-Mar-21,54158.3,57379.3,58379.9,53784.2,95.53K,-5.62%
Bitcoin,21-Mar-21,57383.8,58097.4,58583.8,55583.3,77.47K,-1.22%
Bitcoin,20-Mar-21,58093.4,58084.1,59882.1,57863,67.83K,0.01%
Bitcoin,19-Mar-21,58088,57645,59448.3,56305.1,83.98K,0.75%
Bitcoin,18-Mar-21,57656,58911.8,60088,57099.6,102.62K,-2.13%
Bitcoin,17-Mar-21,58913.5,56892.9,58933.2,54253.2,118.26K,3.56%
Bitcoin,16-Mar-21,56889.7,55619.5,56889.7,53342.6,128.51K,1.97%
Bitcoin,15-Mar-21,55791.3,59117.4,60565.9,55088.8,117.71K,-5.62%
Bitcoin,14-Mar-21,59113.7,61192.7,61673.7,59113.7,80.29K,-3.40%
Bitcoin,13-Mar-21,61195.3,57267.4,61795.8,56118.8,134.64K,6.86%
Bitcoin,12-Mar-21,57265.1,57806.2,58052.3,55134.5,116.96K,-0.92%
Bitcoin,11-Mar-21,57799.5,55851.2,58135,54351.8,129.63K,3.49%
Bitcoin,10-Mar-21,55851.9,54882.7,57328.7,53073.6,140.96K,1.77%
Bitcoin,09-Mar-21,54879,52352.4,54880.6,51941.3,114.06K,4.91%
Bitcoin,08-Mar-21,52311,50988.9,52384.9,49338.1,68.14K,2.61%
Bitcoin,07-Mar-21,50982.3,48899,51434.1,48890.6,82.91K,4.35%
Bitcoin,06-Mar-21,48855.6,48798.7,49191.8,47132.8,66.66K,0.13%
Bitcoin,05-Mar-21,48792.5,48363.6,49429.4,46370.1,113.64K,0.75%
Bitcoin,04-Mar-21,48428,50388,51757.7,47521.8,9.56K,-3.90%
Bitcoin,03-Mar-21,50395.1,48422.2,52567.9,48159.2,44.93K,4.07%
Bitcoin,02-Mar-21,48424.2,49595.6,50191.9,47100.6,102.10K,-2.36%
Bitcoin,01-Mar-21,49595.5,45160.5,49774,45008.8,137.52K,9.81%
Bitcoin,28-Feb-21,45164,46136,46582,43100.6,135.08K,-2.11%
Bitcoin,27-Feb-21,46136.7,46333.1,48335.1,45059.4,98.75K,-0.45%
Bitcoin,26-Feb-21,46345.6,46928.5,48413.9,44248.2,189.41K,-1.24%
Bitcoin,25-Feb-21,46928.5,49695.9,52013.8,46773.7,83.22K,-5.57%
Bitcoin,24-Feb-21,49697.5,48911.1,51311.8,47031.7,153.75K,1.61%
Bitcoin,23-Feb-21,48911.2,54114.1,54115,45093.8,315.07K,-9.61%
Bitcoin,22-Feb-21,54111.8,57437.6,57480.8,48353.8,244.95K,-5.78%
Bitcoin,21-Feb-21,57433.8,55907.6,58335.1,55502.7,87.26K,2.70%
Bitcoin,20-Feb-21,55923.7,55922,57523.8,54124.1,127.85K,0.03%
Bitcoin,19-Feb-21,55906.6,51590.1,56238.5,50816.8,139.43K,8.38%
Bitcoin,18-Feb-21,51582.2,52094.5,52524,50941.6,94.35K,-0.95%
Bitcoin,17-Feb-21,52079.2,49161.3,52577.7,49018.1,140.03K,5.92%
Bitcoin,16-Feb-21,49169.7,47934.2,50515.8,47044.4,141.37K,2.57%
Bitcoin,15-Feb-21,47936.3,48611.1,48936.5,45786.1,123.18K,-1.45%
Bitcoin,14-Feb-21,48643.4,47172.1,49695.1,47051.9,106.50K,3.13%
Bitcoin,13-Feb-21,47168.7,47373.1,48097.3,46270.5,89.42K,-0.43%
Bitcoin,12-Feb-21,47371.7,47995,48927.4,46218.6,133.73K,-1.29%
Bitcoin,11-Feb-21,47990.7,44834.8,48622.1,44041.1,145.77K,7.04%
Bitcoin,10-Feb-21,44836,46507.8,47295.3,43800.5,151.83K,-3.60%
Bitcoin,09-Feb-21,46508.6,46396.4,48143.5,45104.7,193.87K,0.24%
Bitcoin,08-Feb-21,46395.7,38853.6,46596.4,38057,248.47K,19.41%
Bitcoin,07-Feb-21,38852.9,39228.9,39691.7,37381.6,125.37K,-1.03%
Bitcoin,06-Feb-21,39256.6,38300.6,40939.7,38275.3,156.02K,2.50%
Bitcoin,05-Feb-21,38297.6,36976.4,38303.6,36640,100.60K,3.56%
Bitcoin,04-Feb-21,36982.1,37648.9,38707.9,36380.8,151.44K,-1.77%
Bitcoin,03-Feb-21,37646.8,35486.9,37646.8,35401.5,131.03K,6.09%
Bitcoin,02-Feb-21,35485.2,33514,35976.1,33462.4,120.85K,5.88%
Bitcoin,01-Feb-21,33515.7,33106.8,34685.6,32324.9,126.32K,1.23%
Bitcoin,31-Jan-21,33108.1,34281.6,34348.3,32189.9,101.92K,-3.43%
Bitcoin,30-Jan-21,34283.1,34300,34920.9,32908.5,128.57K,-0.05%
Bitcoin,29-Jan-21,34301.8,33381.7,38546,31953.3,297.73K,2.78%
Bitcoin,28-Jan-21,33374.8,30408.9,33790.8,29911.9,167.39K,9.77%
Bitcoin,27-Jan-21,30404,32499.6,32545.4,29290.4,194.35K,-6.46%
Bitcoin,26-Jan-21,32502.1,32244.1,32917.7,30850,139.84K,0.77%
Bitcoin,25-Jan-21,32252.3,32244.3,34854.3,31967.4,142.43K,0.03%
Bitcoin,24-Jan-21,32241.3,32088.5,33034.8,30982.9,88.21K,0.47%
Bitcoin,23-Jan-21,32088.9,32994.1,33441.4,31418.2,100.70K,-2.76%
Bitcoin,22-Jan-21,33000.5,30838.7,33821.2,28871.2,243.09K,7.00%
Bitcoin,21-Jan-21,30842.1,35472.3,35591.1,30101.8,253.27K,-13.06%
Bitcoin,20-Jan-21,35476.3,35862.1,36384.4,33444.5,153.61K,-1.46%
Bitcoin,19-Jan-21,36002.9,36630.6,37821,36001.4,79.11K,-1.67%
Bitcoin,18-Jan-21,36613.2,35838.2,37436.8,34801,111.52K,2.16%
Bitcoin,17-Jan-21,35839.6,36020.1,36801.3,33883.5,126.82K,-0.50%
Bitcoin,16-Jan-21,36019.5,36751.8,37931.7,35408.4,137.02K,-2.24%
Bitcoin,15-Jan-21,36845.8,39175.7,39715,34488.7,118.42K,-5.95%
Bitcoin,14-Jan-21,39175.7,37383.4,40054.3,36772.1,172.40K,4.80%
Bitcoin,13-Jan-21,37382.2,34061.2,37764.6,32451.9,209.93K,9.70%
Bitcoin,12-Jan-21,34076.1,35426,36598.7,32572.7,241.93K,-4.13%
Bitcoin,11-Jan-21,35544.3,38195.3,38217.2,30411.6,251.04K,-6.93%
Bitcoin,10-Jan-21,38192.2,40149.7,41362.4,35141.6,215.78K,-4.88%
Bitcoin,09-Jan-21,40151.9,40607.2,41363.5,38775.1,128.42K,-1.10%
Bitcoin,08-Jan-21,40599.3,39466.4,41921.7,36613.4,251.29K,2.89%
Bitcoin,07-Jan-21,39460.2,36798.5,40340.9,36361.2,249.60K,7.25%
Bitcoin,06-Jan-21,36793.2,33999.3,36934.8,33408.3,227.56K,8.24%
Bitcoin,05-Jan-21,33991.5,32015.4,34414.7,30010.5,202.13K,6.15%
Bitcoin,04-Jan-21,32022.6,33016.6,33587.5,28204.5,255.27K,-2.84%
Bitcoin,03-Jan-21,32958.9,32192.9,34755.9,32029.6,155.21K,2.38%
Bitcoin,02-Jan-21,32193.3,29359.7,33233.5,29008,240.87K,9.65%
Bitcoin,01-Jan-21,29359.9,28951.7,29627.1,28712.4,100.90K,1.42%
Binance Coin,30-Nov-21,623.23,623.6,634.52,603.71,1.46M,-0.06%
Binance Coin,29-Nov-21,623.61,611.58,628.62,601.99,1.15M,1.96%
Binance Coin,28-Nov-21,611.61,600.3,612.57,573.96,1.36M,1.88%
Binance Coin,27-Nov-21,600.3,587.62,621.19,584.3,1.27M,2.62%
Binance Coin,26-Nov-21,584.96,639.17,657.7,564.63,2.54M,-8.43%
Binance Coin,25-Nov-21,638.79,590.61,646.51,587.72,1.62M,8.16%
Binance Coin,24-Nov-21,590.61,591.1,593.89,577.4,1.14M,-0.12%
Binance Coin,23-Nov-21,591.3,559.69,604.8,558.3,1.26M,5.65%
Binance Coin,22-Nov-21,559.69,585.14,585.14,554.3,1.20M,-4.35%
Binance Coin,21-Nov-21,585.14,604.28,604.91,580.11,1.03M,-3.17%
Binance Coin,20-Nov-21,604.28,581,604.7,573.58,1.18M,3.99%
Binance Coin,19-Nov-21,581.09,531.89,585.39,524.7,1.38M,9.11%
Binance Coin,18-Nov-21,532.56,578.3,587.9,517.13,1.82M,-7.91%
Binance Coin,17-Nov-21,578.31,588.91,592.5,554.64,1.55M,-1.80%
Binance Coin,16-Nov-21,588.91,633.81,634.51,574.03,2.30M,-7.04%
Binance Coin,15-Nov-21,633.51,650.8,659.2,631.3,992.20K,-2.66%
Binance Coin,14-Nov-21,650.8,649.5,660.2,634.81,987.16K,0.20%
Binance Coin,13-Nov-21,649.5,626.92,654.7,620.8,944.98K,3.60%
Binance Coin,12-Nov-21,626.91,627.91,634.5,603.9,1.07M,-0.30%
Binance Coin,11-Nov-21,628.8,614.8,634.8,606.01,1.07M,2.28%
Binance Coin,10-Nov-21,614.81,634.9,662.6,575.72,1.89M,-3.06%
Binance Coin,09-Nov-21,634.24,653.79,656.68,632.11,930.88K,-2.99%
Binance Coin,08-Nov-21,653.79,649.5,655.49,631.7,1.35M,0.66%
Binance Coin,07-Nov-21,649.5,636.3,668.8,630.91,1.54M,2.07%
Binance Coin,06-Nov-21,636.3,607.31,636.3,595.99,1.43M,4.77%
Binance Coin,05-Nov-21,607.31,558.7,614.61,554.42,2.12M,8.61%
Binance Coin,04-Nov-21,559.16,568.48,568.69,543.82,1.15M,-1.63%
Binance Coin,03-Nov-21,568.4,554.28,569.87,537.61,1.38M,2.55%
Binance Coin,02-Nov-21,554.28,551.5,563.7,537.62,1.28M,0.50%
Binance Coin,01-Nov-21,551.53,524.65,551.91,511.74,1.44M,5.16%
Binance Coin,31-Oct-21,524.46,528.2,534.89,509.32,1.16M,-0.71%
Binance Coin,30-Oct-21,528.2,529.61,540.31,512.18,1.19M,-0.25%
Binance Coin,29-Oct-21,529.52,492.09,533.6,488.99,1.57M,7.61%
Binance Coin,28-Oct-21,492.09,448.7,494.69,446.6,1.69M,9.67%
Binance Coin,27-Oct-21,448.69,478.02,486.29,438.55,1.51M,-6.13%
Binance Coin,26-Oct-21,478.01,484.91,489.58,474.17,795.25K,-1.42%
Binance Coin,25-Oct-21,484.91,475.7,488.58,474.82,720.34K,1.92%
Binance Coin,24-Oct-21,475.8,485.41,486.42,468.02,668.75K,-1.98%
Binance Coin,23-Oct-21,485.41,478.83,485.41,472.91,597.10K,1.38%
Binance Coin,22-Oct-21,478.83,470.92,497.89,470.92,1.23M,1.64%
Binance Coin,21-Oct-21,471.1,501.3,504.79,467.26,2.02M,-5.99%
Binance Coin,20-Oct-21,501.11,488.1,505.62,482.35,1.05M,2.67%
Binance Coin,19-Oct-21,488.1,485,497.4,481.1,1.01M,0.64%
Binance Coin,18-Oct-21,485,470.91,487.2,467.22,1.20M,3.04%
Binance Coin,17-Oct-21,470.71,465.12,472.4,455.77,978.52K,1.20%
Binance Coin,16-Oct-21,465.12,474.31,484.4,462.43,1.14M,-1.94%
Binance Coin,15-Oct-21,474.31,472.42,477.41,452.85,1.64M,0.40%
Binance Coin,14-Oct-21,472.42,470.41,482.59,461.8,1.56M,0.43%
Binance Coin,13-Oct-21,470.41,444.39,471.6,434.08,3.59M,6.03%
Binance Coin,12-Oct-21,443.65,413.39,444.01,392.49,2.12M,7.32%
Binance Coin,11-Oct-21,413.38,404.19,423.86,400.42,836.99K,2.27%
Binance Coin,10-Oct-21,404.19,421.72,422.18,402.41,802.32K,-4.15%
Binance Coin,09-Oct-21,421.69,418.7,425.88,416.51,695.80K,0.71%
Binance Coin,08-Oct-21,418.7,438.21,441.59,416,1.65M,-4.45%
Binance Coin,07-Oct-21,438.21,434.79,449.89,424.11,1.28M,0.76%
Binance Coin,06-Oct-21,434.88,442.19,442.79,414.91,1.36M,-1.66%
Binance Coin,05-Oct-21,442.21,426.39,443.9,424.21,973.60K,3.69%
Binance Coin,04-Oct-21,426.48,430.32,430.87,411.61,1.07M,-0.89%
Binance Coin,03-Oct-21,430.32,427.18,436.89,422.34,936.53K,0.73%
Binance Coin,02-Oct-21,427.22,421.31,438,410.8,1.22M,1.40%
Binance Coin,01-Oct-21,421.31,387.59,423.3,381.79,1.57M,8.70%
Binance Coin,30-Sep-21,387.59,367.49,388.49,366.49,1.25M,5.47%
Binance Coin,29-Sep-21,367.51,332.91,375.01,331.57,1.85M,10.38%
Binance Coin,28-Sep-21,332.94,335.32,344.41,330.01,1.02M,-0.71%
Binance Coin,27-Sep-21,335.32,344.52,357.5,335.3,1.04M,-2.67%
Binance Coin,26-Sep-21,344.53,349.51,352.62,320.1,1.69M,-1.43%
Binance Coin,25-Sep-21,349.51,355.1,360.49,343.72,967.04K,-1.57%
Binance Coin,24-Sep-21,355.1,383.53,384.99,334.67,1.79M,-7.44%
Binance Coin,23-Sep-21,383.63,378.82,384.49,369.21,1.04M,1.27%
Binance Coin,22-Sep-21,378.83,343.36,379.89,342.42,1.15M,10.35%
Binance Coin,21-Sep-21,343.3,364.17,375.69,337.35,1.71M,-5.58%
Binance Coin,20-Sep-21,363.6,408.39,409.6,355.33,2.02M,-10.97%
Binance Coin,19-Sep-21,408.39,410.7,418.95,403.45,819.71K,-0.56%
Binance Coin,18-Sep-21,410.7,406.22,419.87,401.63,810.07K,1.11%
Binance Coin,17-Sep-21,406.21,424.22,425.79,401.37,923.27K,-4.24%
Binance Coin,16-Sep-21,424.22,431.2,433.9,415.99,1.12M,-1.60%
Binance Coin,15-Sep-21,431.1,414.29,436.39,410.1,1.27M,4.06%
Binance Coin,14-Sep-21,414.29,399,414.29,396.11,997.13K,3.83%
Binance Coin,13-Sep-21,399,416.98,419.39,385.32,1.62M,-4.31%
Binance Coin,12-Sep-21,416.99,405.1,421.29,398,1.03M,2.94%
Binance Coin,11-Sep-21,405.1,401.1,415.09,399.52,967.25K,1.00%
Binance Coin,10-Sep-21,401.1,421.2,438.89,393.91,1.59M,-4.77%
Binance Coin,09-Sep-21,421.2,414.61,435.59,404.11,1.60M,1.59%
Binance Coin,08-Sep-21,414.6,417.32,425.48,383.71,2.17M,-0.65%
Binance Coin,07-Sep-21,417.31,496.11,504.58,373.12,3.54M,-15.88%
Binance Coin,06-Sep-21,496.11,504.49,508.86,487.85,1.18M,-1.66%
Binance Coin,05-Sep-21,504.49,497.4,505.17,488.91,926.28K,1.43%
Binance Coin,04-Sep-21,497.4,488.49,509.75,485.62,1.31M,1.88%
Binance Coin,03-Sep-21,488.2,483.84,494.49,473.55,1.15M,0.90%
Binance Coin,02-Sep-21,483.84,489.39,504.56,478.16,1.29M,-1.21%
Binance Coin,01-Sep-21,489.78,464.29,489.98,455.51,1.36M,5.49%
Binance Coin,31-Aug-21,464.29,460.1,477.08,452.5,1.52M,0.91%
Binance Coin,30-Aug-21,460.1,479.82,480.87,457.43,1.16M,-4.07%
Binance Coin,29-Aug-21,479.63,486,495.47,476.81,945.02K,-1.31%
Binance Coin,28-Aug-21,486.01,494.48,496.78,482.71,925.23K,-1.71%
Binance Coin,27-Aug-21,494.48,477.83,494.88,467.52,1.60M,3.48%
Binance Coin,26-Aug-21,477.83,503.44,518.58,472.73,2.29M,-5.09%
Binance Coin,25-Aug-21,503.44,471.95,506.84,470.14,2.30M,6.67%
Binance Coin,24-Aug-21,471.95,499.79,504.05,461.33,2.14M,-5.57%
Binance Coin,23-Aug-21,499.79,448.68,508.85,447.02,2.72M,11.39%
Binance Coin,22-Aug-21,448.68,448.64,458.23,438.03,1.17M,0.01%
Binance Coin,21-Aug-21,448.64,454.89,459.99,444.81,1.47M,-1.37%
Binance Coin,20-Aug-21,454.87,431.42,457.54,421.98,1.73M,5.44%
Binance Coin,19-Aug-21,431.42,396.44,431.42,391.07,1.89M,8.81%
Binance Coin,18-Aug-21,396.48,401.94,412.07,386.69,1.81M,-1.36%
Binance Coin,17-Aug-21,401.94,416.08,435.64,399.39,2.04M,-3.40%
Binance Coin,16-Aug-21,416.08,414.1,436.64,411.06,1.90M,0.48%
Binance Coin,15-Aug-21,414.1,408.91,414.88,396.65,1.28M,1.27%
Binance Coin,14-Aug-21,408.91,410.89,418.76,400.43,1.49M,-0.48%
Binance Coin,13-Aug-21,410.9,385.51,411.03,383,1.30M,6.59%
Binance Coin,12-Aug-21,385.51,391.48,406.08,371.8,1.90M,-1.52%
Binance Coin,11-Aug-21,391.48,371.9,408.17,371.12,1.97M,5.26%
Binance Coin,10-Aug-21,371.9,354.5,376.2,348.97,1.71M,4.91%
Binance Coin,09-Aug-21,354.5,341.83,357.34,333.53,1.33M,3.70%
Binance Coin,08-Aug-21,341.83,356.18,359.78,337.08,1.32M,-4.06%
Binance Coin,07-Aug-21,356.28,342.08,359.58,340.65,1.59M,4.15%
Binance Coin,06-Aug-21,342.08,337.88,347,331.43,1.31M,1.24%
Binance Coin,05-Aug-21,337.88,334.89,339.91,323.71,1.30M,0.89%
Binance Coin,04-Aug-21,334.89,323.39,337.04,319.97,1.01M,3.62%
Binance Coin,03-Aug-21,323.19,330.86,334.61,317.7,1.18M,-2.32%
Binance Coin,02-Aug-21,330.86,332.76,338.06,326.39,1.15M,-0.58%
Binance Coin,01-Aug-21,332.78,332.32,347.44,329.82,1.70M,0.11%
Binance Coin,31-Jul-21,332.41,322.61,337.95,317.64,1.55M,3.03%
Binance Coin,30-Jul-21,322.63,316.72,325.26,306.75,1.45M,1.87%
Binance Coin,29-Jul-21,316.72,313.76,319.97,309.08,1.13M,0.94%
Binance Coin,28-Jul-21,313.76,313.69,318.59,308.53,1.47M,0.03%
Binance Coin,27-Jul-21,313.67,304.31,318.25,298.53,1.89M,3.08%
Binance Coin,26-Jul-21,304.31,302.6,327.62,301.19,2.86M,0.58%
Binance Coin,25-Jul-21,302.57,302.55,303.09,292.85,1.25M,-0.19%
Binance Coin,24-Jul-21,303.15,298.91,305.01,296.16,1.81M,1.42%
Binance Coin,23-Jul-21,298.89,293.51,301.15,281.68,1.98M,1.83%
Binance Coin,22-Jul-21,293.53,293.08,297.69,287.55,1.47M,0.15%
Binance Coin,21-Jul-21,293.08,264.59,298.69,261.51,2.18M,10.77%
Binance Coin,20-Jul-21,264.59,280.48,283.25,255.79,2.25M,-5.66%
Binance Coin,19-Jul-21,280.47,302.16,303.49,279.38,1.63M,-7.18%
Binance Coin,18-Jul-21,302.18,300.34,309,299.6,1.03M,0.62%
Binance Coin,17-Jul-21,300.31,302.88,306.41,295.11,1.31M,-0.84%
Binance Coin,16-Jul-21,302.84,315.62,323.21,301.85,1.77M,-4.04%
Binance Coin,15-Jul-21,315.58,309.49,324.15,301.92,2.49M,1.98%
Binance Coin,14-Jul-21,309.45,308.96,313.29,290.93,1.65M,0.15%
Binance Coin,13-Jul-21,308.98,316.15,318.16,305.35,1.08M,-2.27%
Binance Coin,12-Jul-21,316.17,321.91,334.34,308.77,1.52M,-1.77%
Binance Coin,11-Jul-21,321.88,316.07,326.55,312.28,929.54K,1.84%
Binance Coin,10-Jul-21,316.07,316.77,321.2,310.82,958.95K,-0.22%
Binance Coin,09-Jul-21,316.77,310.52,319.48,302.28,1.28M,2.01%
Binance Coin,08-Jul-21,310.52,327.65,328.17,307.04,1.89M,-5.24%
Binance Coin,07-Jul-21,327.68,320.01,339.36,318.33,2.02M,2.39%
Binance Coin,06-Jul-21,320.02,302.01,321.89,301.95,2.34M,5.86%
Binance Coin,05-Jul-21,302.31,307.88,307.88,292.4,1.62M,-1.81%
Binance Coin,04-Jul-21,307.88,299.25,314.73,299.1,1.50M,2.88%
Binance Coin,03-Jul-21,299.25,287.37,302.93,283.06,1.11M,4.13%
Binance Coin,02-Jul-21,287.38,287.64,290.58,276.78,1.18M,-0.09%
Binance Coin,01-Jul-21,287.63,303.24,303.41,281.4,1.62M,-5.15%
Binance Coin,30-Jun-21,303.25,299.88,304.71,281.84,2.36M,1.12%
Binance Coin,29-Jun-21,299.88,289.85,315.04,289.27,2.43M,3.47%
Binance Coin,28-Jun-21,289.83,290.87,298.93,283.91,2.16M,-0.35%
Binance Coin,27-Jun-21,290.86,279.45,291.08,270,1.79M,4.08%
Binance Coin,26-Jun-21,279.45,281.15,290.05,264.47,2.63M,-0.60%
Binance Coin,25-Jun-21,281.13,308.57,314.08,275.62,3.26M,-8.81%
Binance Coin,24-Jun-21,308.31,296.13,316.2,281.74,3.12M,4.11%
Binance Coin,23-Jun-21,296.14,261.47,309.45,251.9,4.07M,13.27%
Binance Coin,22-Jun-21,261.45,271.81,290.65,225.93,6.75M,-3.80%
Binance Coin,21-Jun-21,271.8,339.09,341.52,269.45,4.55M,-19.94%
Binance Coin,20-Jun-21,339.47,334.15,340.38,310.54,1.99M,1.58%
Binance Coin,19-Jun-21,334.19,336.71,344.33,331.88,1.33M,-0.74%
Binance Coin,18-Jun-21,336.67,352.66,357.03,327.39,1.95M,-4.53%
Binance Coin,17-Jun-21,352.64,347.14,362.36,346.18,1.53M,1.58%
Binance Coin,16-Jun-21,347.15,366.77,366.77,343.49,1.89M,-5.35%
Binance Coin,15-Jun-21,366.78,370.08,379.49,363.84,1.90M,-0.89%
Binance Coin,14-Jun-21,370.06,365.83,377.02,355.23,2.42M,1.16%
Binance Coin,13-Jun-21,365.83,343.26,369,330.64,2.39M,6.58%
Binance Coin,12-Jun-21,343.23,345.59,348.75,325.63,2.55M,-0.65%
Binance Coin,11-Jun-21,345.46,351.46,365.51,341.53,2.71M,-1.70%
Binance Coin,10-Jun-21,351.43,375.53,376.81,344.96,2.96M,-6.36%
Binance Coin,09-Jun-21,375.29,352.54,378.44,333.69,4.24M,6.42%
Binance Coin,08-Jun-21,352.64,358.05,365.89,320.39,5.99M,-1.52%
Binance Coin,07-Jun-21,358.08,393.23,406.99,354.55,3.60M,-8.93%
Binance Coin,06-Jun-21,393.2,390.09,399.82,382.07,2.27M,0.80%
Binance Coin,05-Jun-21,390.09,390.68,425.57,374.62,4.79M,-0.23%
Binance Coin,04-Jun-21,390.97,428.47,428.71,366.56,5.92M,-8.56%
Binance Coin,03-Jun-21,427.59,401.13,432.58,391.83,5.06M,6.60%
Binance Coin,02-Jun-21,401.12,362.39,417.41,351.19,5.26M,10.69%
Binance Coin,01-Jun-21,362.39,353.63,364.16,340.56,4.42M,2.45%
Binance Coin,31-May-21,353.74,325.6,355.43,307.9,4.97M,8.65%
Binance Coin,30-May-21,325.59,304.81,337.77,291.72,4.52M,6.83%
Binance Coin,29-May-21,304.76,329.31,346.88,296.43,4.57M,-7.45%
Binance Coin,28-May-21,329.31,369.79,373.28,313.42,6.31M,-10.38%
Binance Coin,27-May-21,367.46,379.2,387.17,340.81,5.18M,-3.10%
Binance Coin,26-May-21,379.22,343.76,387.25,337.4,5.82M,10.31%
Binance Coin,25-May-21,343.77,345.44,374.86,307.55,7.93M,-0.36%
Binance Coin,24-May-21,345.02,261.56,349.89,257.97,8.07M,31.90%
Binance Coin,23-May-21,261.57,299.25,312.85,212.41,9.23M,-12.59%
Binance Coin,22-May-21,299.25,326.44,334.69,286.5,5.57M,-8.33%
Binance Coin,21-May-21,326.44,391.12,414.79,276.78,9.21M,-16.86%
Binance Coin,20-May-21,392.64,335.09,423.5,287.48,8.49M,17.16%
Binance Coin,19-May-21,335.12,508.27,515.55,282.3,11.92M,-34.07%
Binance Coin,18-May-21,508.28,511.79,533.45,496.65,2.86M,-0.68%
Binance Coin,17-May-21,511.76,563.37,563.38,484.3,4.24M,-9.17%
Binance Coin,16-May-21,563.41,562.84,606.53,535.01,3.07M,0.10%
Binance Coin,15-May-21,562.85,602.44,610.39,560.58,2.38M,-6.57%
Binance Coin,14-May-21,602.46,571.76,614.69,566.69,2.30M,5.37%
Binance Coin,13-May-21,571.76,585.61,632.91,527.16,5.74M,-2.36%
Binance Coin,12-May-21,585.6,671.61,684.51,585.35,2.92M,-12.89%
Binance Coin,11-May-21,672.26,631.66,672.98,622.87,2.78M,6.42%
Binance Coin,10-May-21,631.68,661.65,690.87,592.52,3.24M,-4.53%
Binance Coin,09-May-21,661.65,646.17,678.27,631.44,2.45M,2.39%
Binance Coin,08-May-21,646.18,624.35,657.77,618.73,2.33M,3.55%
Binance Coin,07-May-21,624.02,633.99,644.14,612.12,2.26M,-1.46%
Binance Coin,06-May-21,633.28,650.81,653.58,620.02,2.35M,-2.72%
Binance Coin,05-May-21,650.99,620.81,656.35,620.55,2.55M,5.01%
Binance Coin,04-May-21,619.96,676.25,677.67,619.79,4.13M,-8.37%
Binance Coin,03-May-21,676.56,621.96,679.98,621.56,3.14M,8.78%
Binance Coin,02-May-21,621.95,619.91,628.93,595.75,2.35M,0.34%
Binance Coin,01-May-21,619.84,623.25,643.21,611.49,2.72M,-0.56%
Binance Coin,30-Apr-21,623.33,599.89,627.71,586.03,3.75M,3.82%
Binance Coin,29-Apr-21,600.38,563.22,614.64,554.73,4.73M,6.74%
Binance Coin,28-Apr-21,562.49,568.8,578.8,539.59,2.67M,-1.11%
Binance Coin,27-Apr-21,568.8,535.22,578.33,525.76,2.95M,6.27%
Binance Coin,26-Apr-21,535.23,504.29,549.96,502.41,3.25M,6.14%
Binance Coin,25-Apr-21,504.29,497.46,516.91,479.4,2.64M,1.37%
Binance Coin,24-Apr-21,497.5,526.52,527.18,483.39,3.16M,-5.52%
Binance Coin,23-Apr-21,526.56,505.12,529.95,450.94,7.19M,4.10%
Binance Coin,22-Apr-21,505.84,543.3,582.15,482.81,6.69M,-6.90%
Binance Coin,21-Apr-21,543.34,587.45,612.86,537.64,5.96M,-7.52%
Binance Coin,20-Apr-21,587.5,503.98,588.98,474.35,5.96M,16.57%
Binance Coin,19-Apr-21,503.97,481.47,539.96,469.31,5.23M,4.68%
Binance Coin,18-Apr-21,481.42,515.1,520,429.96,4.66M,-6.54%
Binance Coin,17-Apr-21,515.13,508.25,547.78,506.9,3.06M,1.26%
Binance Coin,16-Apr-21,508.73,542.3,547.51,491.21,4.33M,-6.19%
Binance Coin,15-Apr-21,542.31,549.65,556.32,534.85,2.41M,-1.33%
Binance Coin,14-Apr-21,549.61,550.13,590.36,525.39,4.36M,-0.09%
Binance Coin,13-Apr-21,550.1,596.59,602.31,533.3,5.62M,-8.10%
Binance Coin,12-Apr-21,598.62,525.54,636.11,515.56,9.53M,13.91%
Binance Coin,11-Apr-21,525.54,471.54,528.95,459.5,3.77M,11.28%
Binance Coin,10-Apr-21,472.25,453.5,486.69,451.23,4.81M,4.14%
Binance Coin,09-Apr-21,453.5,418.6,453.5,404.83,3.80M,8.57%
Binance Coin,08-Apr-21,417.71,375.47,421.63,372.48,4.25M,11.25%
Binance Coin,07-Apr-21,375.47,402.69,414.08,358.2,6.40M,-6.76%
Binance Coin,06-Apr-21,402.69,367.41,411.6,364.2,4.69M,9.60%
Binance Coin,05-Apr-21,367.41,349.36,379.45,335.86,3.67M,5.16%
Binance Coin,04-Apr-21,349.37,321.91,352.21,316.54,2.90M,8.66%
Binance Coin,03-Apr-21,321.53,338.82,348.99,316.06,3.29M,-4.94%
Binance Coin,02-Apr-21,338.25,334.33,356.51,326.06,4.45M,1.17%
Binance Coin,01-Apr-21,334.33,302.19,339,300.79,4.61M,10.64%
Binance Coin,31-Mar-21,302.18,311.41,316.44,287.24,4.95M,-2.96%
Binance Coin,30-Mar-21,311.41,275.12,311.41,271.3,5.78M,13.19%
Binance Coin,29-Mar-21,275.12,268.87,277.49,264.92,2.90M,2.32%
Binance Coin,28-Mar-21,268.87,269.31,281.24,261.24,3.50M,-0.17%
Binance Coin,27-Mar-21,269.32,254.99,275.91,249.86,3.29M,5.62%
Binance Coin,26-Mar-21,254.99,233.96,255.09,233.95,2.79M,8.85%
Binance Coin,25-Mar-21,234.25,248.6,249.72,225.9,3.74M,-5.77%
Binance Coin,24-Mar-21,248.59,255.45,268.6,240.41,3.50M,-2.68%
Binance Coin,23-Mar-21,255.43,254.85,262.75,252.27,2.82M,0.16%
Binance Coin,22-Mar-21,255.03,264.74,276.81,253.43,3.44M,-3.67%
Binance Coin,21-Mar-21,264.74,264.39,267.92,257.12,2.12M,0.24%
Binance Coin,20-Mar-21,264.1,263.14,274.49,261.65,2.52M,0.36%
Binance Coin,19-Mar-21,263.15,261.28,269,255.39,2.41M,0.79%
Binance Coin,18-Mar-21,261.09,269.85,277.73,257.7,3.33M,-3.25%
Binance Coin,17-Mar-21,269.86,258.29,271.04,249.02,3.02M,4.48%
Binance Coin,16-Mar-21,258.28,254.24,259.13,241.44,3.19M,1.60%
Binance Coin,15-Mar-21,254.22,264.21,267.59,250.05,3.54M,-3.79%
Binance Coin,14-Mar-21,264.25,275.89,276.77,264.25,2.58M,-4.22%
Binance Coin,13-Mar-21,275.89,263.42,283.56,255.95,4.11M,4.73%
Binance Coin,12-Mar-21,263.42,290.07,290.22,251.44,6.19M,-9.19%
Binance Coin,11-Mar-21,290.07,278.15,314.44,272.98,6.91M,4.29%
Binance Coin,10-Mar-21,278.15,293,295.31,268.74,6.32M,-5.07%
Binance Coin,09-Mar-21,292.99,240.59,297.08,235.87,8.18M,21.78%
Binance Coin,08-Mar-21,240.59,240.03,242.78,229.09,3.21M,0.24%
Binance Coin,07-Mar-21,240.02,226.26,243.72,225.2,3.71M,6.08%
Binance Coin,06-Mar-21,226.26,225.64,232.25,219.73,2.84M,0.28%
Binance Coin,05-Mar-21,225.63,229.69,230.91,215.91,3.90M,-1.77%
Binance Coin,04-Mar-21,229.7,240.62,249.66,225.65,4.24M,-4.63%
Binance Coin,03-Mar-21,240.85,239.48,254.37,236.51,4.51M,0.58%
Binance Coin,02-Mar-21,239.46,254.73,264.41,227.61,5.71M,-5.99%
Binance Coin,01-Mar-21,254.72,210.04,259.51,209.51,8.32M,21.27%
Binance Coin,28-Feb-21,210.04,225.54,228.47,195.22,6.00M,-6.68%
Binance Coin,27-Feb-21,225.07,222.08,237.7,219.32,4.46M,1.35%
Binance Coin,26-Feb-21,222.08,233.7,238.71,209.98,7.82M,-4.97%
Binance Coin,25-Feb-21,233.7,254.26,264.46,232.19,7.22M,-8.09%
Binance Coin,24-Feb-21,254.26,231.71,280.66,213.89,12.30M,9.73%
Binance Coin,23-Feb-21,231.72,267.42,268.69,188.71,16.50M,-13.35%
Binance Coin,22-Feb-21,267.43,293.77,295.15,222.44,13.34M,-8.97%
Binance Coin,21-Feb-21,293.76,254.33,308.54,249.64,11.49M,15.49%
Binance Coin,20-Feb-21,254.36,332.74,334.15,223.93,14.42M,-23.56%
Binance Coin,19-Feb-21,332.74,195.74,346.82,195.07,21.23M,69.99%
Binance Coin,18-Feb-21,195.74,165.38,199.66,163.11,11.91M,18.36%
Binance Coin,17-Feb-21,165.38,130.09,175.33,126.91,10.82M,27.13%
Binance Coin,16-Feb-21,130.09,129.99,133.43,126.34,3.57M,0.08%
Binance Coin,15-Feb-21,129.98,135.97,142.07,118.64,5.26M,-4.41%
Binance Coin,14-Feb-21,135.98,133.09,138.78,128.53,4.90M,2.18%
Binance Coin,13-Feb-21,133.07,136.64,138.47,125.07,4.20M,-2.52%
Binance Coin,12-Feb-21,136.52,124.03,140.93,121.1,6.22M,10.07%
Binance Coin,11-Feb-21,124.03,128.73,132.76,118.07,6.54M,-3.64%
Binance Coin,10-Feb-21,128.72,107.61,148.27,107.61,18.37M,19.62%
Binance Coin,09-Feb-21,107.6,79.73,115.33,78.23,13.65M,35.00%
Binance Coin,08-Feb-21,79.71,68.41,79.75,67.72,8.52M,16.53%
Binance Coin,07-Feb-21,68.4,72.86,74.62,64.35,6.25M,-5.76%
Binance Coin,06-Feb-21,72.58,67.74,75.43,61.96,8.97M,7.12%
Binance Coin,05-Feb-21,67.75,55.66,68.72,55.66,5.75M,21.74%
Binance Coin,04-Feb-21,55.66,52.15,56.65,51.46,4.52M,6.76%
Binance Coin,03-Feb-21,52.13,50.99,52.56,49.82,3.41M,2.24%
Binance Coin,02-Feb-21,50.99,51.42,52.99,49.26,5.78M,-0.82%
Binance Coin,01-Feb-21,51.42,44.31,52.32,43.43,7.97M,16.13%
Binance Coin,31-Jan-21,44.27,44.77,45.78,43.35,2.92M,-1.08%
Binance Coin,30-Jan-21,44.76,42.88,45.09,42.6,3.24M,4.40%
Binance Coin,29-Jan-21,42.87,42.48,44,41.84,3.91M,0.93%
Binance Coin,28-Jan-21,42.47,40.97,43.08,40.36,3.35M,3.63%
Binance Coin,27-Jan-21,40.99,41.74,42.05,39.67,2.93M,-1.80%
Binance Coin,26-Jan-21,41.74,41.78,42.51,39.87,3.24M,-0.10%
Binance Coin,25-Jan-21,41.78,41.82,43.38,40.57,3.14M,-0.11%
Binance Coin,24-Jan-21,41.82,40.92,42.2,40.36,2.59M,2.22%
Binance Coin,23-Jan-21,40.92,40.87,41.83,39.5,2.79M,0.11%
Binance Coin,22-Jan-21,40.87,38.69,41.35,36.92,3.47M,5.66%
Binance Coin,21-Jan-21,38.68,42.57,42.63,38.37,3.88M,-9.14%
Binance Coin,20-Jan-21,42.57,42.6,42.76,40.29,4.23M,-0.13%
Binance Coin,19-Jan-21,42.62,45.36,47.19,41.75,5.77M,-6.02%
Binance Coin,18-Jan-21,45.35,45.91,46.88,44.07,3.37M,-0.93%
Binance Coin,17-Jan-21,45.78,43.1,46.69,40.94,4.26M,6.21%
Binance Coin,16-Jan-21,43.1,40.92,44.1,40.68,3.56M,5.35%
Binance Coin,15-Jan-21,40.91,41.88,42.54,38.87,3.77M,-2.31%
Binance Coin,14-Jan-21,41.88,40.12,41.93,39.65,3.59M,4.39%
Binance Coin,13-Jan-21,40.12,38.24,40.42,37.05,3.91M,4.89%
Binance Coin,12-Jan-21,38.25,38.16,40.01,37.13,4.38M,0.00%
Binance Coin,11-Jan-21,38.26,42.42,42.44,35.1,8.52M,-9.84%
Binance Coin,10-Jan-21,42.43,43.84,45.12,40.14,5.55M,-3.19%
Binance Coin,09-Jan-21,43.83,42.33,44.02,41.51,3.56M,3.55%
Binance Coin,08-Jan-21,42.33,43.62,43.65,40.34,4.69M,-3.01%
Binance Coin,07-Jan-21,43.64,42.22,44.47,41.41,6.79M,3.45%
Binance Coin,06-Jan-21,42.19,41.79,42.19,40.5,5.24M,0.95%
Binance Coin,05-Jan-21,41.79,41.12,41.79,38.86,4.88M,1.68%
Binance Coin,04-Jan-21,41.1,41.25,43.21,38.09,6.87M,-0.29%
Binance Coin,03-Jan-21,41.22,38.24,41.64,37.78,6.34M,7.81%
Binance Coin,02-Jan-21,38.23,37.73,38.46,36.81,3.94M,1.35%
Binance Coin,01-Jan-21,37.72,37.33,38.93,36.98,3.24M,1.04%
Ethereum,30-Nov-21,"4,628.90","4,443.22","4,749.12","4,349.21",973.46K,4.18%
Ethereum,29-Nov-21,"4,443.22","4,296.98","4,456.82","4,280.18",532.66K,3.40%
Ethereum,28-Nov-21,"4,296.98","4,095.16","4,297.63","3,980.24",487.53K,4.94%
Ethereum,27-Nov-21,"4,094.80","4,037.06","4,183.02","4,029.06",370.73K,1.49%
Ethereum,26-Nov-21,"4,034.53","4,520.30","4,548.10","3,917.43",1.00M,-10.75%
Ethereum,25-Nov-21,"4,520.30","4,270.73","4,549.74","4,248.90",578.65K,5.77%
Ethereum,24-Nov-21,"4,273.54","4,340.23","4,372.83","4,172.19",595.96K,-1.54%
Ethereum,23-Nov-21,"4,340.23","4,086.73","4,384.75","4,064.17",684.35K,6.20%
Ethereum,22-Nov-21,"4,086.95","4,268.07","4,311.46","4,026.75",717.08K,-4.24%
Ethereum,21-Nov-21,"4,268.08","4,409.02","4,422.60","4,246.20",446.23K,-3.19%
Ethereum,20-Nov-21,"4,408.85","4,295.27","4,434.27","4,206.75",462.99K,2.64%
Ethereum,19-Nov-21,"4,295.43","3,996.29","4,305.41","3,978.08",571.96K,7.34%
Ethereum,18-Nov-21,"4,001.87","4,290.31","4,342.74","3,958.44",792.38K,-6.74%
Ethereum,17-Nov-21,"4,290.88","4,208.29","4,298.30","4,071.01",664.94K,1.97%
Ethereum,16-Nov-21,"4,208.16","4,562.97","4,562.97","4,115.31",1.12M,-7.78%
Ethereum,15-Nov-21,"4,562.98","4,625.71","4,769.38","4,543.47",495.96K,-1.35%
Ethereum,14-Nov-21,"4,625.59","4,644.40","4,692.76","4,514.95",340.96K,-0.41%
Ethereum,13-Nov-21,"4,644.61","4,665.76","4,705.02","4,585.37",290.27K,-0.49%
Ethereum,12-Nov-21,"4,667.31","4,720.50","4,807.16","4,511.96",634.59K,-1.13%
Ethereum,11-Nov-21,"4,720.87","4,633.98","4,778.17","4,578.66",418.61K,1.87%
Ethereum,10-Nov-21,"4,634.03","4,731.83","4,864.06","4,498.78",761.90K,-2.07%
Ethereum,09-Nov-21,"4,731.83","4,808.34","4,836.69","4,715.43",437.41K,-1.59%
Ethereum,08-Nov-21,"4,808.38","4,612.05","4,822.97","4,612.05",673.21K,4.26%
Ethereum,07-Nov-21,"4,612.06","4,517.27","4,634.39","4,502.70",337.81K,2.10%
Ethereum,06-Nov-21,"4,517.36","4,475.00","4,526.75","4,330.29",442.60K,0.95%
Ethereum,05-Nov-21,"4,475.00","4,534.96","4,569.31","4,439.67",409.75K,-1.33%
Ethereum,04-Nov-21,"4,535.11","4,601.93","4,604.83","4,421.87",495.86K,-1.46%
Ethereum,03-Nov-21,"4,602.21","4,586.96","4,661.88","4,458.87",634.68K,0.35%
Ethereum,02-Nov-21,"4,586.06","4,320.85","4,598.38","4,287.36",630.26K,6.14%
Ethereum,01-Nov-21,"4,320.85","4,287.41","4,376.94","4,157.51",574.26K,0.78%
Ethereum,31-Oct-21,"4,287.56","4,322.00","4,393.61","4,169.48",555.32K,-0.77%
Ethereum,30-Oct-21,"4,320.65","4,413.70","4,428.41","4,250.24",494.87K,-2.11%
Ethereum,29-Oct-21,"4,413.70","4,284.90","4,458.30","4,268.21",781.57K,3.01%
Ethereum,28-Oct-21,"4,284.90","3,921.54","4,289.80","3,896.33",865.80K,9.25%
Ethereum,27-Oct-21,"3,921.93","4,130.06","4,299.61","3,914.06",1.07M,-5.03%
Ethereum,26-Oct-21,"4,129.51","4,219.92","4,291.98","4,098.19",559.29K,-2.14%
Ethereum,25-Oct-21,"4,219.92","4,082.68","4,234.76","4,069.94",481.41K,3.36%
Ethereum,24-Oct-21,"4,082.80","4,168.80","4,184.00","3,965.84",507.63K,-2.06%
Ethereum,23-Oct-21,"4,168.85","3,970.94","4,169.33","3,938.79",487.03K,4.98%
Ethereum,22-Oct-21,"3,970.94","4,053.89","4,164.11","3,896.40",654.77K,-2.05%
Ethereum,21-Oct-21,"4,054.16","4,160.51","4,366.91","4,029.48",1.14M,-2.54%
Ethereum,20-Oct-21,"4,159.89","3,876.76","4,168.12","3,830.26",752.03K,7.30%
Ethereum,19-Oct-21,"3,876.78","3,745.46","3,884.34","3,733.78",488.60K,3.45%
Ethereum,18-Oct-21,"3,747.60","3,848.64","3,892.01","3,685.82",578.21K,-2.55%
Ethereum,17-Oct-21,"3,845.47","3,827.55","3,917.56","3,664.63",543.52K,0.47%
Ethereum,16-Oct-21,"3,827.55","3,869.05","3,967.43","3,804.55",527.61K,-1.02%
Ethereum,15-Oct-21,"3,866.90","3,790.34","3,904.91","3,735.21",721.14K,2.02%
Ethereum,14-Oct-21,"3,790.41","3,607.36","3,820.47","3,588.24",697.09K,5.08%
Ethereum,13-Oct-21,"3,607.28","3,491.08","3,612.04","3,416.00",557.18K,3.36%
Ethereum,12-Oct-21,"3,489.90","3,541.49","3,545.35","3,404.49",609.89K,-1.56%
Ethereum,11-Oct-21,"3,545.06","3,414.93","3,622.53","3,381.43",683.24K,3.81%
Ethereum,10-Oct-21,"3,415.03","3,574.52","3,599.18","3,409.22",767.49K,-4.45%
Ethereum,09-Oct-21,"3,574.20","3,559.96","3,626.11","3,541.40",464.11K,0.42%
Ethereum,08-Oct-21,"3,559.42","3,586.91","3,668.35","3,537.24",681.74K,-0.74%
Ethereum,07-Oct-21,"3,586.00","3,575.43","3,650.18","3,473.47",826.29K,0.30%
Ethereum,06-Oct-21,"3,575.41","3,515.35","3,627.19","3,345.56",1.05M,1.65%
Ethereum,05-Oct-21,"3,517.26","3,383.32","3,540.83","3,365.28",663.88K,3.97%
Ethereum,04-Oct-21,"3,382.90","3,417.26","3,436.34","3,273.22",826.83K,-1.01%
Ethereum,03-Oct-21,"3,417.34","3,388.83","3,485.48","3,346.63",642.59K,0.84%
Ethereum,02-Oct-21,"3,388.97","3,309.14","3,467.95","3,265.97",778.15K,2.41%
Ethereum,01-Oct-21,"3,309.13","2,999.86","3,329.32","2,972.75",1.14M,10.28%
Ethereum,30-Sep-21,"3,000.59","2,851.06","3,047.08","2,837.68",968.23K,5.23%
Ethereum,29-Sep-21,"2,851.50","2,807.15","2,948.50","2,784.66",728.86K,1.57%
Ethereum,28-Sep-21,"2,807.28","2,926.04","2,969.18","2,791.42",896.28K,-4.07%
Ethereum,27-Sep-21,"2,926.24","3,061.86","3,163.86","2,926.24",865.30K,-4.48%
Ethereum,26-Sep-21,"3,063.51","2,922.47","3,113.65","2,740.12",1.33M,4.82%
Ethereum,25-Sep-21,"2,922.55","2,928.59","2,965.48","2,812.70",975.49K,-0.21%
Ethereum,24-Sep-21,"2,928.57","3,152.92","3,158.38","2,740.06",1.74M,-7.12%
Ethereum,23-Sep-21,"3,152.92","3,077.80","3,173.00","3,035.96",841.54K,2.44%
Ethereum,22-Sep-21,"3,077.78","2,764.71","3,087.97","2,740.58",1.19M,11.45%
Ethereum,21-Sep-21,"2,761.52","2,976.70","3,101.88","2,659.71",1.79M,-7.21%
Ethereum,20-Sep-21,"2,976.05","3,328.49","3,344.04","2,931.64",1.72M,-10.61%
Ethereum,19-Sep-21,"3,329.12","3,435.92","3,455.67","3,282.85",614.00K,-3.11%
Ethereum,18-Sep-21,"3,435.97","3,398.55","3,539.50","3,371.33",600.19K,1.10%
Ethereum,17-Sep-21,"3,398.65","3,569.92","3,592.20","3,352.32",748.10K,-4.78%
Ethereum,16-Sep-21,"3,569.43","3,612.23","3,672.68","3,488.53",195.79K,-1.18%
Ethereum,15-Sep-21,"3,611.90","3,430.36","3,612.29","3,361.63",790.27K,5.34%
Ethereum,14-Sep-21,"3,428.87","3,284.65","3,428.87","3,270.91",720.34K,4.39%
Ethereum,13-Sep-21,"3,284.52","3,408.17","3,429.24","3,118.66",1.34M,-3.63%
Ethereum,12-Sep-21,"3,408.28","3,267.33","3,469.50","3,231.87",805.97K,4.31%
Ethereum,11-Sep-21,"3,267.33","3,209.37","3,345.37","3,202.41",732.95K,1.87%
Ethereum,10-Sep-21,"3,207.27","3,423.87","3,512.90","3,156.28",1.21M,-6.32%
Ethereum,09-Sep-21,"3,423.51","3,498.92","3,564.30","3,395.94",1.09M,-2.05%
Ethereum,08-Sep-21,"3,495.10","3,424.35","3,557.67","3,221.60",780.68K,2.10%
Ethereum,07-Sep-21,"3,423.12","3,926.84","3,945.79","3,061.30",2.47M,-12.84%
Ethereum,06-Sep-21,"3,927.21","3,950.20","3,968.20","3,867.55",764.56K,-0.59%
Ethereum,05-Sep-21,"3,950.62","3,885.40","3,981.22","3,834.74",714.16K,1.69%
Ethereum,04-Sep-21,"3,884.97","3,938.45","3,968.33","3,844.07",672.53K,-1.30%
Ethereum,03-Sep-21,"3,936.29","3,785.85","4,024.89","3,715.97",1.20M,3.96%
Ethereum,02-Sep-21,"3,786.19","3,826.90","3,833.89","3,723.42",928.70K,-1.21%
Ethereum,01-Sep-21,"3,832.73","3,429.65","3,839.91","3,384.82",1.48M,11.72%
Ethereum,31-Aug-21,"3,430.74","3,228.23","3,467.42","3,191.34",1.52M,6.36%
Ethereum,30-Aug-21,"3,225.67","3,222.43","3,345.72","3,145.53",966.58K,0.11%
Ethereum,29-Aug-21,"3,222.16","3,243.96","3,282.21","3,155.31",643.73K,-0.67%
Ethereum,28-Aug-21,"3,243.90","3,273.78","3,284.58","3,212.24",466.21K,-0.91%
Ethereum,27-Aug-21,"3,273.58","3,093.78","3,279.93","3,063.37",839.54K,5.82%
Ethereum,26-Aug-21,"3,093.54","3,228.03","3,249.62","3,057.48",118.44K,-4.17%
Ethereum,25-Aug-21,"3,228.15","3,172.12","3,247.43","3,080.70",923.13K,1.73%
Ethereum,24-Aug-21,"3,173.26","3,322.60","3,357.99","3,150.75",988.82K,-4.41%
Ethereum,23-Aug-21,"3,319.49","3,238.41","3,375.42","3,231.96",1.09M,2.49%
Ethereum,22-Aug-21,"3,238.70","3,224.17","3,271.94","3,128.98",747.65K,0.46%
Ethereum,21-Aug-21,"3,223.96","3,285.12","3,307.33","3,200.19",768.74K,-1.83%
Ethereum,20-Aug-21,"3,284.21","3,184.83","3,300.36","3,179.18",739.32K,3.12%
Ethereum,19-Aug-21,"3,184.82","3,016.92","3,185.51","2,962.04",844.13K,5.57%
Ethereum,18-Aug-21,"3,016.91","3,012.62","3,124.51","2,951.04",750.74K,0.08%
Ethereum,17-Aug-21,"3,014.58","3,147.67","3,290.03","2,993.63",1.06M,-4.23%
Ethereum,16-Aug-21,"3,147.65","3,307.96","3,334.22","3,138.37",859.09K,-4.87%
Ethereum,15-Aug-21,"3,308.87","3,264.56","3,318.61","3,115.34",782.81K,1.35%
Ethereum,14-Aug-21,"3,264.69","3,322.25","3,328.38","3,209.45",658.60K,-1.74%
Ethereum,13-Aug-21,"3,322.43","3,043.20","3,324.53","3,035.52",795.54K,9.16%
Ethereum,12-Aug-21,"3,043.61","3,160.17","3,236.28","2,981.35",965.63K,-3.79%
Ethereum,11-Aug-21,"3,163.66","3,140.86","3,269.70","3,122.67",950.12K,0.73%
Ethereum,10-Aug-21,"3,140.71","3,162.81","3,232.02","3,057.84",1.12M,-0.70%
Ethereum,09-Aug-21,"3,162.93","3,011.88","3,184.84","2,899.24",1.44M,5.01%
Ethereum,08-Aug-21,"3,012.07","3,158.30","3,188.49","2,949.66",1.25M,-4.62%
Ethereum,07-Aug-21,"3,158.00","2,889.58","3,169.74","2,867.58",64.84K,9.29%
Ethereum,06-Aug-21,"2,889.43","2,827.23","2,946.62","2,726.04",1.06M,2.20%
Ethereum,05-Aug-21,"2,827.21","2,725.28","2,842.95","2,533.51",1.65M,3.74%
Ethereum,04-Aug-21,"2,725.29","2,506.50","2,766.46","2,462.32",1.23M,8.72%
Ethereum,03-Aug-21,"2,506.65","2,608.01","2,631.43","2,445.49",158.45K,-3.89%
Ethereum,02-Aug-21,"2,608.04","2,556.07","2,664.73","2,513.51",970.67K,2.03%
Ethereum,01-Aug-21,"2,556.23","2,530.94","2,696.38","2,515.26",1.20M,0.95%
Ethereum,31-Jul-21,"2,532.19","2,461.08","2,551.68","2,421.70",507.08K,2.89%
Ethereum,30-Jul-21,"2,460.95","2,380.59","2,467.40","2,320.80",1.03M,3.36%
Ethereum,29-Jul-21,"2,380.93","2,299.46","2,397.71","2,269.15",642.75K,3.56%
Ethereum,28-Jul-21,"2,299.11","2,300.21","2,343.49","2,246.23",968.94K,-0.05%
Ethereum,27-Jul-21,"2,300.22","2,230.24","2,318.68","2,152.92",1.25M,3.17%
Ethereum,26-Jul-21,"2,229.53","2,189.74","2,430.01","2,174.44",1.89M,1.81%
Ethereum,25-Jul-21,"2,189.79","2,166.98","2,195.03","2,108.74",786.94K,1.76%
Ethereum,24-Jul-21,"2,151.85","2,124.00","2,162.29","2,106.71",907.11K,1.33%
Ethereum,23-Jul-21,"2,123.61","2,024.51","2,129.66","2,000.27",961.67K,4.89%
Ethereum,22-Jul-21,"2,024.58","1,994.61","2,043.26","1,952.31",1.02M,1.51%
Ethereum,21-Jul-21,"1,994.49","1,786.18","2,029.51","1,758.64",1.51M,11.67%
Ethereum,20-Jul-21,"1,786.07","1,818.07","1,840.36","1,720.70",1.20M,-1.76%
Ethereum,19-Jul-21,"1,818.07","1,891.43","1,915.15","1,807.19",802.78K,-3.93%
Ethereum,18-Jul-21,"1,892.42","1,898.01","1,988.24","1,881.60",829.77K,-0.29%
Ethereum,17-Jul-21,"1,897.98","1,877.00","1,917.80","1,851.97",623.52K,1.05%
Ethereum,16-Jul-21,"1,878.20","1,917.21","1,960.21","1,852.42",619.62K,-2.03%
Ethereum,15-Jul-21,"1,917.21","1,994.73","2,038.91","1,884.81",645.06K,-3.88%
Ethereum,14-Jul-21,"1,994.64","1,940.48","2,017.99","1,868.45",1.05M,2.78%
Ethereum,13-Jul-21,"1,940.72","2,035.09","2,042.61","1,920.62",717.85K,-4.64%
Ethereum,12-Jul-21,"2,035.09","2,139.44","2,167.60","2,008.66",540.10K,-4.87%
Ethereum,11-Jul-21,"2,139.35","2,110.90","2,173.34","2,081.62",724.84K,1.34%
Ethereum,10-Jul-21,"2,111.12","2,146.15","2,191.30","2,078.43",929.32K,-1.62%
Ethereum,09-Jul-21,"2,145.89","2,120.05","2,185.62","2,066.09",1.42M,1.21%
Ethereum,08-Jul-21,"2,120.22","2,316.21","2,322.47","2,095.92",1.82M,-8.48%
Ethereum,07-Jul-21,"2,316.57","2,322.74","2,402.68","2,296.43",1.32M,-0.26%
Ethereum,06-Jul-21,"2,322.72","2,196.25","2,347.47","2,194.20",1.78M,5.76%
Ethereum,05-Jul-21,"2,196.16","2,322.60","2,322.60","2,163.09",822.95K,-5.47%
Ethereum,04-Jul-21,"2,323.22","2,224.70","2,386.20","2,222.95",1.39M,4.43%
Ethereum,03-Jul-21,"2,224.70","2,154.53","2,236.97","2,115.80",1.28M,3.25%
Ethereum,02-Jul-21,"2,154.78","2,108.58","2,158.70","2,019.75",1.39M,2.17%
Ethereum,01-Jul-21,"2,109.11","2,274.50","2,274.63","2,077.56",1.71M,-7.24%
Ethereum,30-Jun-21,"2,273.84","2,158.32","2,281.55","2,090.61",1.90M,5.33%
Ethereum,29-Jun-21,"2,158.71","2,083.48","2,241.86","2,076.17",898.06K,3.63%
Ethereum,28-Jun-21,"2,083.09","1,981.24","2,142.84","1,962.89",2.19M,5.21%
Ethereum,27-Jun-21,"1,979.88","1,830.42","1,980.70","1,808.59",1.87M,8.15%
Ethereum,26-Jun-21,"1,830.62","1,810.53","1,850.40","1,719.32",1.99M,1.11%
Ethereum,25-Jun-21,"1,810.57","1,989.77","2,017.47","1,793.47",1.65M,-8.98%
Ethereum,24-Jun-21,"1,989.14","1,968.76","2,033.96","1,886.74",1.64M,1.05%
Ethereum,23-Jun-21,"1,968.39","1,877.28","2,043.10","1,823.57",1.77M,4.89%
Ethereum,22-Jun-21,"1,876.66","1,890.95","1,994.32","1,707.24",2.84M,-0.77%
Ethereum,21-Jun-21,"1,891.18","2,244.25","2,257.86","1,868.32",2.69M,-15.72%
Ethereum,20-Jun-21,"2,243.86","2,166.30","2,276.83","2,045.03",1.42M,3.55%
Ethereum,19-Jun-21,"2,166.91","2,229.53","2,276.70","2,164.14",1.08M,-2.81%
Ethereum,18-Jun-21,"2,229.53","2,372.10","2,376.62","2,142.74",778.79K,-5.99%
Ethereum,17-Jun-21,"2,371.62","2,367.78","2,459.11","2,309.08",1.06M,0.18%
Ethereum,16-Jun-21,"2,367.28","2,544.35","2,552.12","2,353.24",1.37M,-6.94%
Ethereum,15-Jun-21,"2,543.83","2,581.42","2,637.90","2,512.39",1.95M,-1.46%
Ethereum,14-Jun-21,"2,581.48","2,508.49","2,606.91","2,467.61",1.79M,2.92%
Ethereum,13-Jun-21,"2,508.27","2,368.68","2,547.90","2,311.96",1.62M,5.90%
Ethereum,12-Jun-21,"2,368.47","2,351.45","2,448.04","2,260.80",1.80M,0.72%
Ethereum,11-Jun-21,"2,351.45","2,470.04","2,493.48","2,324.21",587.18K,-4.80%
Ethereum,10-Jun-21,"2,469.97","2,607.45","2,615.46","2,432.41",1.29M,-5.23%
Ethereum,09-Jun-21,"2,606.23","2,507.86","2,620.74","2,408.37",2.32M,3.81%
Ethereum,08-Jun-21,"2,510.65","2,592.12","2,618.70","2,320.64",75.18K,-3.16%
Ethereum,07-Jun-21,"2,592.63","2,713.52","2,842.88","2,581.24",3.01M,-4.46%
Ethereum,06-Jun-21,"2,713.66","2,628.43","2,743.53","2,614.48",756.36K,3.22%
Ethereum,05-Jun-21,"2,628.98","2,688.75","2,814.02","2,555.98",2.55M,-2.14%
Ethereum,04-Jun-21,"2,686.50","2,856.63","2,856.63","2,557.71",2.47M,-5.85%
Ethereum,03-Jun-21,"2,853.35","2,705.05","2,889.19","2,666.39",1.09M,5.44%
Ethereum,02-Jun-21,"2,706.10","2,633.74","2,801.00","2,554.88",2.60M,2.75%
Ethereum,01-Jun-21,"2,633.67","2,707.94","2,738.23","2,529.73",2.45M,-2.76%
Ethereum,31-May-21,"2,708.47","2,386.93","2,713.98","2,279.42",2.83M,13.51%
Ethereum,30-May-21,"2,386.10","2,276.97","2,465.84","2,181.93",2.80M,4.83%
Ethereum,29-May-21,"2,276.07","2,411.68","2,567.42","2,207.21",2.94M,-5.73%
Ethereum,28-May-21,"2,414.29","2,742.39","2,760.17","2,332.43",3.26M,-11.75%
Ethereum,27-May-21,"2,735.88","2,885.02","2,885.87","2,638.62",2.39M,-5.16%
Ethereum,26-May-21,"2,884.66","2,705.69","2,908.37","2,648.10",2.66M,6.64%
Ethereum,25-May-21,"2,705.09","2,647.27","2,747.49","2,388.81",3.28M,2.20%
Ethereum,24-May-21,"2,646.79","2,101.30","2,667.20","2,080.87",3.24M,25.96%
Ethereum,23-May-21,"2,101.34","2,292.68","2,379.89","1,739.91",3.52M,-8.30%
Ethereum,22-May-21,"2,291.60","2,433.09","2,481.06","2,162.84",2.82M,-5.82%
Ethereum,21-May-21,"2,433.11","2,766.88","2,931.66","2,111.42",4.23M,-12.40%
Ethereum,20-May-21,"2,777.55","2,436.59","2,988.52","2,163.40",4.33M,14.04%
Ethereum,19-May-21,"2,435.69","3,376.22","3,434.01","1,922.25",6.42M,-27.89%
Ethereum,18-May-21,"3,377.55","3,280.50","3,558.57","3,244.93",2.30M,2.98%
Ethereum,17-May-21,"3,279.68","3,582.19","3,582.27","3,130.12",2.85M,-8.44%
Ethereum,16-May-21,"3,582.12","3,643.67","3,877.20","3,351.92",2.28M,-1.63%
Ethereum,15-May-21,"3,641.65","4,074.57","4,129.99","3,639.12",1.94M,-10.64%
Ethereum,14-May-21,"4,075.38","3,719.46","4,171.76","3,694.54",2.06M,9.56%
Ethereum,13-May-21,"3,719.62","3,807.50","4,031.99","3,539.96",3.21M,-2.42%
Ethereum,12-May-21,"3,811.77","4,173.61","4,366.10","3,794.15",2.78M,-8.54%
Ethereum,11-May-21,"4,167.78","3,948.66","4,177.53","3,781.86",1.27M,5.57%
Ethereum,10-May-21,"3,947.90","3,923.48","4,203.98","3,669.84",2.70M,0.65%
Ethereum,09-May-21,"3,922.23","3,905.69","3,979.77","3,734.44",1.94M,0.43%
Ethereum,08-May-21,"3,905.55","3,479.81","3,952.88","3,453.37",1.34M,12.19%
Ethereum,07-May-21,"3,481.22","3,490.83","3,583.34","3,363.56",1.35M,-0.24%
Ethereum,06-May-21,"3,489.52","3,522.74","3,601.59","3,380.60",1.51M,-0.94%
Ethereum,05-May-21,"3,522.76","3,284.31","3,540.78","3,228.86",1.87M,7.18%
Ethereum,04-May-21,"3,286.71","3,429.48","3,516.34","3,188.90",2.74M,-4.16%
Ethereum,03-May-21,"3,429.37","2,950.07","3,451.44","2,950.07",2.32M,16.24%
Ethereum,02-May-21,"2,950.33","2,945.04","2,984.52","2,854.12",1.30M,0.19%
Ethereum,01-May-21,"2,944.66","2,772.27","2,951.74","2,753.60",1.51M,6.20%
Ethereum,30-Apr-21,"2,772.78","2,757.02","2,797.61","2,726.03",1.52M,0.56%
Ethereum,29-Apr-21,"2,757.36","2,746.51","2,797.52","2,670.35",1.65M,0.39%
Ethereum,28-Apr-21,"2,746.54","2,665.83","2,759.03","2,562.74",1.74M,3.05%
Ethereum,27-Apr-21,"2,665.24","2,531.07","2,677.95","2,484.44",1.45M,5.22%
Ethereum,26-Apr-21,"2,533.12","2,320.63","2,539.80","2,305.97",1.79M,9.35%
Ethereum,25-Apr-21,"2,316.48","2,217.23","2,355.20","2,169.91",1.02M,4.54%
Ethereum,24-Apr-21,"2,215.93","2,367.35","2,367.46","2,159.60",1.61M,-6.39%
Ethereum,23-Apr-21,"2,367.31","2,398.95","2,440.21","2,119.26",3.46M,-1.41%
Ethereum,22-Apr-21,"2,401.10","2,360.32","2,642.99","2,313.46",3.17M,1.71%
Ethereum,21-Apr-21,"2,360.81","2,331.84","2,467.51","2,238.15",2.10M,1.23%
Ethereum,20-Apr-21,"2,332.14","2,161.06","2,345.18","2,058.00",1.86M,7.94%
Ethereum,19-Apr-21,"2,160.63","2,236.10","2,275.87","2,081.30",1.90M,-3.42%
Ethereum,18-Apr-21,"2,237.17","2,317.88","2,338.53","1,948.93",2.76M,-3.50%
Ethereum,17-Apr-21,"2,318.33","2,424.12","2,493.93","2,314.12",1.73M,-4.33%
Ethereum,16-Apr-21,"2,423.18","2,514.55","2,544.54","2,302.30",2.08M,-3.62%
Ethereum,15-Apr-21,"2,514.22","2,432.90","2,541.90","2,402.75",1.91M,3.40%
Ethereum,14-Apr-21,"2,431.56","2,299.25","2,445.40","2,281.49",2.11M,5.72%
Ethereum,13-Apr-21,"2,299.93","2,137.55","2,315.47","2,136.49",2.38M,7.58%
Ethereum,12-Apr-21,"2,137.81","2,150.79","2,199.52","2,103.73",2.16M,-0.63%
Ethereum,11-Apr-21,"2,151.42","2,133.89","2,164.76","2,114.55",1.97M,0.83%
Ethereum,10-Apr-21,"2,133.79","2,067.26","2,197.73","2,058.23",2.09M,3.23%
Ethereum,09-Apr-21,"2,066.93","2,080.20","2,101.07","2,050.39",2.47M,-0.62%
Ethereum,08-Apr-21,"2,079.92","1,962.44","2,084.08","1,951.83",1.73M,6.04%
Ethereum,07-Apr-21,"1,961.46","2,112.41","2,128.25","1,939.64",2.30M,-7.11%
Ethereum,06-Apr-21,"2,111.53","2,108.81","2,150.78","2,047.48",1.93M,0.24%
Ethereum,05-Apr-21,"2,106.41","2,076.14","2,127.89","2,004.05",2.31M,1.47%
Ethereum,04-Apr-21,"2,075.94","2,007.82","2,091.31","1,982.00",1.59M,3.35%
Ethereum,03-Apr-21,"2,008.59","2,134.66","2,137.68","2,004.40",2.01M,-5.90%
Ethereum,02-Apr-21,"2,134.55","1,968.12","2,144.11","1,949.99",2.47M,8.47%
Ethereum,01-Apr-21,"1,967.96","1,918.82","1,983.84","1,897.38",2.08M,2.61%
Ethereum,31-Mar-21,"1,917.99","1,841.01","1,945.40","1,774.66",2.59M,4.18%
Ethereum,30-Mar-21,"1,841.01","1,816.92","1,857.65","1,788.60",3.03M,1.34%
Ethereum,29-Mar-21,"1,816.69","1,686.88","1,839.41","1,678.38",1.94M,7.70%
Ethereum,28-Mar-21,"1,686.80","1,712.89","1,724.74","1,661.92",1.31M,-1.53%
Ethereum,27-Mar-21,"1,713.01","1,698.68","1,731.73","1,667.12",1.40M,0.85%
Ethereum,26-Mar-21,"1,698.60","1,586.36","1,699.27","1,586.28",1.64M,7.06%
Ethereum,25-Mar-21,"1,586.54","1,582.23","1,621.32","1,550.11",1.54M,0.26%
Ethereum,24-Mar-21,"1,582.38","1,668.42","1,739.82","1,546.48",1.88M,-5.13%
Ethereum,23-Mar-21,"1,667.90","1,681.50","1,720.01","1,654.14",1.46M,-0.86%
Ethereum,22-Mar-21,"1,682.37","1,783.58","1,806.62","1,659.28",1.58M,-5.68%
Ethereum,21-Mar-21,"1,783.72","1,804.60","1,815.85","1,748.47",1.43M,-1.16%
Ethereum,20-Mar-21,"1,804.60","1,809.09","1,868.09","1,801.60",27.03K,-0.28%
Ethereum,19-Mar-21,"1,809.64","1,775.87","1,848.88","1,735.42",1.20M,1.89%
Ethereum,18-Mar-21,"1,776.08","1,823.72","1,849.23","1,760.83",1.53M,-2.59%
Ethereum,17-Mar-21,"1,823.35","1,804.56","1,837.88","1,743.62",1.50M,1.03%
Ethereum,16-Mar-21,"1,804.85","1,792.08","1,817.35","1,715.97",1.81M,0.70%
Ethereum,15-Mar-21,"1,792.38","1,848.18","1,890.59","1,745.04",1.70M,-3.07%
Ethereum,14-Mar-21,"1,849.06","1,921.29","1,932.36","1,836.78",671.56K,-3.75%
Ethereum,13-Mar-21,"1,921.13","1,767.05","1,943.36","1,730.46",1.79M,8.73%
Ethereum,12-Mar-21,"1,766.90","1,827.44","1,841.19","1,723.18",1.52M,-3.23%
Ethereum,11-Mar-21,"1,825.79","1,794.28","1,845.32","1,729.05",1.58M,1.76%
Ethereum,10-Mar-21,"1,794.14","1,869.32","1,875.98","1,759.50",1.66M,-4.01%
Ethereum,09-Mar-21,"1,869.10","1,831.57","1,869.10","1,801.29",1.58M,2.05%
Ethereum,08-Mar-21,"1,831.49","1,727.17","1,841.05","1,665.54",1.97M,5.98%
Ethereum,07-Mar-21,"1,728.10","1,650.94","1,732.84","1,634.73",1.69M,4.78%
Ethereum,06-Mar-21,"1,649.19","1,530.24","1,670.01","1,514.62",2.07M,7.77%
Ethereum,05-Mar-21,"1,530.29","1,539.73","1,548.71","1,443.32",1.67M,-0.54%
Ethereum,04-Mar-21,"1,538.61","1,567.84","1,623.73","1,506.86",1.70M,-2.06%
Ethereum,03-Mar-21,"1,571.05","1,488.80","1,653.04","1,477.72",1.17M,5.54%
Ethereum,02-Mar-21,"1,488.62","1,570.00","1,602.13","1,457.22",1.74M,-5.18%
Ethereum,01-Mar-21,"1,570.03","1,418.91","1,571.15","1,411.55",1.92M,10.66%
Ethereum,28-Feb-21,"1,418.76","1,458.84","1,467.76","1,294.79",2.07M,-2.75%
Ethereum,27-Feb-21,"1,458.93","1,445.69","1,527.69","1,427.15",1.56M,0.93%
Ethereum,26-Feb-21,"1,445.44","1,476.77","1,561.66","1,403.30",2.13M,-2.08%
Ethereum,25-Feb-21,"1,476.15","1,623.76","1,669.24","1,460.92",1.75M,-9.09%
Ethereum,24-Feb-21,"1,623.71","1,578.27","1,711.16","1,505.79",2.19M,2.89%
Ethereum,23-Feb-21,"1,578.11","1,777.25","1,781.44","1,370.45",3.60M,-11.21%
Ethereum,22-Feb-21,"1,777.28","1,933.52","1,935.04","1,561.68",2.68M,-8.08%
Ethereum,21-Feb-21,"1,933.45","1,912.97","1,974.99","1,885.70",1.47M,1.02%
Ethereum,20-Feb-21,"1,913.88","1,955.54","2,040.79","1,800.00",2.29M,-2.13%
Ethereum,19-Feb-21,"1,955.59","1,934.17","1,968.93","1,892.70",1.78M,1.11%
Ethereum,18-Feb-21,"1,934.16","1,849.95","1,950.04","1,849.05",881.87K,4.66%
Ethereum,17-Feb-21,"1,847.95","1,781.44","1,854.03","1,734.15",1.69M,3.72%
Ethereum,16-Feb-21,"1,781.69","1,778.63","1,827.07","1,726.78",1.48M,0.16%
Ethereum,15-Feb-21,"1,778.82","1,800.60","1,835.51","1,661.09",1.94M,-1.27%
Ethereum,14-Feb-21,"1,801.78","1,815.44","1,850.00","1,787.11",1.43M,-0.76%
Ethereum,13-Feb-21,"1,815.49","1,840.90","1,871.36","1,766.05",1.44M,-1.39%
Ethereum,12-Feb-21,"1,841.02","1,786.74","1,862.17","1,741.04",1.75M,3.06%
Ethereum,11-Feb-21,"1,786.35","1,742.11","1,817.68","1,704.97",1.56M,2.54%
Ethereum,10-Feb-21,"1,742.09","1,770.81","1,835.40","1,683.52",2.01M,-1.61%
Ethereum,09-Feb-21,"1,770.63","1,750.19","1,818.94","1,711.40",1.94M,1.17%
Ethereum,08-Feb-21,"1,750.18","1,612.98","1,775.12","1,566.43",2.17M,8.50%
Ethereum,07-Feb-21,"1,612.99","1,676.62","1,692.29","1,491.68",1.94M,-3.80%
Ethereum,06-Feb-21,"1,676.63","1,719.11","1,742.90","1,648.03",1.78M,-2.48%
Ethereum,05-Feb-21,"1,719.20","1,593.91","1,760.09","1,589.28",1.80M,7.85%
Ethereum,04-Feb-21,"1,594.00","1,664.19","1,693.64","1,570.45",2.34M,-4.23%
Ethereum,03-Feb-21,"1,664.34","1,511.96","1,667.93","1,510.27",2.27M,10.12%
Ethereum,02-Feb-21,"1,511.36","1,373.31","1,546.88","1,361.63",2.73M,10.04%
Ethereum,01-Feb-21,"1,373.40","1,312.69","1,376.44","1,272.09",1.65M,4.62%
Ethereum,31-Jan-21,"1,312.73","1,377.05","1,380.04","1,282.41",1.54M,-4.67%
Ethereum,30-Jan-21,"1,376.96","1,379.78","1,405.78","1,327.66",1.59M,-0.17%
Ethereum,29-Jan-21,"1,379.30","1,329.16","1,436.27","1,288.26",3.33M,3.83%
Ethereum,28-Jan-21,"1,328.47","1,247.67","1,359.51","1,221.15",814.31K,6.48%
Ethereum,27-Jan-21,"1,247.62","1,366.14","1,372.31","1,210.40",2.90M,-8.68%
Ethereum,26-Jan-21,"1,366.27","1,317.67","1,377.94","1,246.45",2.56M,3.67%
Ethereum,25-Jan-21,"1,317.90","1,390.69","1,474.68","1,298.13",2.77M,-5.21%
Ethereum,24-Jan-21,"1,390.28","1,233.41","1,398.00","1,222.14",2.30M,12.72%
Ethereum,23-Jan-21,"1,233.40","1,234.34","1,271.65","1,196.94",1.46M,-0.10%
Ethereum,22-Jan-21,"1,234.58","1,118.01","1,272.85","1,045.02",2.94M,10.49%
Ethereum,21-Jan-21,"1,117.33","1,377.63","1,387.39","1,095.26",2.76M,-18.89%
Ethereum,20-Jan-21,"1,377.53","1,372.00","1,406.56","1,237.27",3.05M,0.40%
Ethereum,19-Jan-21,"1,372.00","1,258.10","1,437.42","1,252.36",2.27M,9.06%
Ethereum,18-Jan-21,"1,258.06","1,233.93","1,260.30","1,184.15",1.73M,2.06%
Ethereum,17-Jan-21,"1,232.64","1,228.33","1,269.01","1,168.39",2.15M,0.36%
Ethereum,16-Jan-21,"1,228.27","1,172.12","1,290.92","1,154.04",2.29M,4.83%
Ethereum,15-Jan-21,"1,171.68","1,233.34","1,256.13","1,079.19",2.85M,-4.44%
Ethereum,14-Jan-21,"1,226.17","1,128.80","1,246.52","1,088.52",1.55M,8.66%
Ethereum,13-Jan-21,"1,128.46","1,050.20","1,134.66",990.96,2.25M,7.45%
Ethereum,12-Jan-21,"1,050.19","1,086.96","1,149.19","1,008.28",3.09M,-3.78%
Ethereum,11-Jan-21,"1,091.47","1,255.84","1,257.30",917.96,4.19M,-13.10%
Ethereum,10-Jan-21,"1,256.04","1,275.87","1,347.98","1,180.45",2.65M,-1.53%
Ethereum,09-Jan-21,"1,275.58","1,215.92","1,301.75","1,172.39",1.99M,4.92%
Ethereum,08-Jan-21,"1,215.73","1,224.33","1,271.08","1,069.25",2.71M,-0.70%
Ethereum,07-Jan-21,"1,224.35","1,208.71","1,286.81","1,153.09",2.71M,1.37%
Ethereum,06-Jan-21,"1,207.77","1,099.77","1,210.78","1,060.67",3.75M,9.85%
Ethereum,05-Jan-21,"1,099.52","1,042.48","1,131.56",976.91,3.25M,5.48%
Ethereum,04-Jan-21,"1,042.40",977.76,"1,158.27",894.24,5.19M,6.92%
Ethereum,03-Jan-21,974.97,774.54,"1,008.49",769.57,4.02M,25.88%
Ethereum,02-Jan-21,774.5,729,787.26,715.15,2.25M,6.22%
Ethereum,01-Jan-21,729.12,735.87,748.96,715.74,1.64M,-0.93%
